hand1,hand2,table1,table2,table3,table4,table5,numPlayers,position,playerChips,action,rank
Qs,7s,Qh,Th,Tc,8s,5s,3,2,95,1,744386
Ah,2h,Qh,Th,Tc,8s,5s,3,3,3,1,391033
4c,Ks,5c,8d,6c,Kh,3d,3,1,0,3,396529
Jh,Kc,5c,8d,6c,Kh,3d,3,2,34,2,397063
4c,Ks,5c,8d,6c,Kh,3d,3,1,0,5,396529
Tc,Jh,9d,Kc,8c,9c,Qc,5,1,14,3,2194055
Ks,Qd,9d,Kc,8c,9c,Qc,5,2,63,2,744582
6c,5c,5s,9c,8s,6d,4d,5,4,12,1,743308
8c,5h,5s,9c,8s,6d,4d,5,5,7,1,743646
Qh,Qc,5d,4s,Ts,5s,7d,4,1,11,1,744323
Tc,Kh,5d,4s,Ts,5s,7d,4,3,4,1,743988
Kh,Qh,4s,Kc,9s,8d,7d,5,2,4,1,397247
Ah,Th,4s,Kc,9s,8d,7d,5,3,7,3,368348
Kh,Qh,4s,Kc,9s,8d,7d,5,2,4,2,397247
3c,2c,5d,9c,Tc,9s,9h,5,4,117,1,1115169
Ks,Ac,5d,9c,Tc,9s,9h,5,5,12,1,1115229
Kh,Qd,5c,9d,Jd,Tc,8s,6,2,16,3,1485183
8d,Js,5c,9d,Jd,Tc,8s,6,4,4,2,744193
Js,9s,4s,6d,7d,Qh,Qs,6,1,68,1,394880
8s,7s,4s,6d,7d,Qh,Qs,6,4,180,1,744347
Jh,Kh,4s,6d,7d,Qh,Qs,6,6,31,1,395244
3h,2d,7c,Ah,9h,3s,Th,7,2,37,3,375629
Ad,As,7c,Ah,9h,3s,Th,7,3,61,2,1116018
Ks,Jc,6s,9c,Tc,8h,4h,8,4,27,3,335393
Jh,Th,6s,9c,Tc,8h,4h,8,5,46,2,390487
Qh,7c,Qs,3h,Qd,3d,Th,8,1,127,3,2227889
Kd,3c,Qs,3h,Qd,3d,Th,8,2,98,2,2227781
6d,Jh,9d,Js,5d,9h,3d,7,1,244,1,744202
2h,As,9d,Js,5d,9h,3d,7,2,573,1,388820
6s,Ad,9d,Js,5d,9h,3d,7,5,212,1,388821
Tc,Qs,8c,8h,Js,Ks,Kd,7,1,572,1,744533
9h,4s,8c,8h,Js,Ks,Kd,7,2,868,1,744532
9s,6c,8c,8h,Js,Ks,Kd,7,6,244,1,744532
6s,Qc,6d,8h,Kc,3c,9d,8,2,98,1,382077
5h,5d,6d,8h,Kc,3c,9d,8,4,62,1,379840
8c,9h,6c,Kd,Ts,Qc,Td,8,2,13,1,390865
9c,Kc,6c,Kd,Ts,Qc,Td,8,4,10,1,744559
Tc,Js,5d,2c,3d,3h,7s,8,1,1,3,375120
Jh,Jc,5d,2c,3d,3h,7s,8,3,1,2,744125
Ac,Ts,Qh,2c,Ad,4s,Jd,8,3,4,1,399472
As,5s,Qh,2c,Ad,4s,Jd,8,8,21,1,399467
Tc,2c,Ts,2s,5s,Jd,7s,8,1,34,1,743947
Th,Jh,Ts,2s,5s,Jd,7s,8,4,11,1,744216
Kh,9c,Kc,Qc,8h,7c,3d,8,2,25,1,397247
Qd,Jc,Kc,Qc,8h,7c,3d,8,7,12,3,395245
Kh,9c,Kc,Qc,8h,7c,3d,8,2,25,2,397247
Qc,Th,9h,5s,7d,2d,3h,7,2,130,1,304437
As,6d,9h,5s,7d,2d,3h,7,7,123,1,359011
Td,9s,9d,Th,8h,5h,6d,7,1,10,1,744035
Ah,Ts,9d,Th,8h,5h,6d,7,5,5,1,390994
3d,2d,Jc,Kc,Jd,9d,Qd,8,2,2,3,2163044
Th,Kd,Jc,Kc,Jd,9d,Qd,8,8,6,4,1485183
3d,2d,Jc,Kc,Jd,9d,Qd,8,2,2,2,2163044
8s,8h,5c,Jd,6h,3c,7c,9,6,4,1,386065
4s,5d,5c,Jd,6h,3c,7c,9,8,1,3,1485177
8s,8h,5c,Jd,6h,3c,7c,9,6,4,2,386065
6h,6c,7d,4c,8h,8c,Th,6,1,4,1,743660
Jd,Js,7d,4c,8h,8c,Th,6,3,11,1,744193
Td,Ts,9s,Jc,6d,2c,7h,8,2,7,1,390486
Ah,Jh,9s,Jc,6d,2c,7h,8,8,9,3,393190
Td,Ts,9s,Jc,6d,2c,7h,8,2,7,2,390486
Qc,Tc,2d,Kc,Jc,Jd,6h,8,1,136,1,393063
5c,Ac,2d,Kc,Jc,Jd,6h,8,7,50,1,393241
Tc,Qc,5h,7c,2s,6c,Qd,10,10,0,2,394684
4c,3c,5h,7c,2s,6c,Qd,10,7,0,3,1485177
4c,3c,5h,7c,2s,6c,Qd,10,7,0,5,1485177
Jd,As,Ac,7s,Ad,Ks,Ah,10,5,6,3,2599218
Kc,4c,Ac,7s,Ad,Ks,Ah,10,6,4,2,2227925
Qc,Kh,3d,6h,Kc,Qd,7d,10,10,8,3,744580
As,Ks,3d,6h,Kc,Qd,7d,10,7,0,1,397623
As,Ks,3d,6h,Kc,Qd,7d,10,7,0,2,397623
As,Ks,3d,6h,Kc,Qd,7d,10,7,0,5,397623
Qd,Qc,5h,Ac,3d,6h,4h,10,1,9,1,395346
Kh,Kc,5h,Ac,3d,6h,4h,10,3,19,1,397543
Th,Js,Ts,As,5s,Jc,6d,10,10,2,2,744223
2d,Qs,Ts,As,5s,Jc,6d,10,2,4,3,366331
Ac,Ks,Jc,6c,3c,9d,2s,9,5,3,1,368515
Jd,Qc,Jc,6c,3c,9d,2s,9,9,5,1,392851
9h,9s,Kc,2s,9d,Jd,8h,9,4,1,3,1115214
Kh,Js,Kc,2s,9d,Jd,8h,9,5,1,2,744569
Ad,7d,Ac,5d,Kc,7s,Td,9,5,1,1,744690
Ah,Qc,Ac,5d,Kc,7s,Td,9,9,1,1,399654
4d,8s,2d,8h,4h,Ts,4s,9,2,0,1,2227790
Ac,Ad,2d,8h,4h,Ts,4s,9,5,0,3,744648
4d,8s,2d,8h,4h,Ts,4s,9,2,0,2,2227790
8d,Qd,Jc,Th,Qc,5c,8c,9,6,3,1,744363
Kd,Qs,Jc,Th,Qc,5c,8c,9,8,6,1,395247
Ks,Ah,Ad,Tc,8c,9c,6s,8,2,59,1,399627
Js,Qc,Ad,Tc,8c,9c,6s,8,7,0,3,1485182
Ks,Ah,Ad,Tc,8c,9c,6s,8,2,59,2,399627
Js,Qc,Ad,Tc,8c,9c,6s,8,7,0,5,1485182
Jc,5c,5d,Ac,Kh,Js,7h,6,1,24,3,744158
Qd,Th,5d,Ac,Kh,Js,7h,6,6,6,4,1485184
Jc,5c,5d,Ac,Kh,Js,7h,6,1,24,2,744158
Qc,Kd,6d,6s,4h,Qs,6h,5,1,24,1,2227820
Qd,9d,6d,6s,4h,Qs,6h,5,2,7,3,2227820
Qc,Kd,6d,6s,4h,Qs,6h,5,1,24,2,2227820
Qh,Jc,5h,Kd,8h,8d,Td,5,1,140,1,386473
Ah,9d,5h,Kd,8h,8d,Td,5,2,138,1,386654
5d,3d,4s,Th,3h,5h,Qh,4,1,5,1,743116
Qs,Td,4s,Th,3h,5h,Qh,4,4,5,1,744383
9d,Tc,6c,2h,9c,9s,Jd,4,2,2,3,1115187
Ad,6s,6c,2h,9c,9s,Jd,4,4,2,2,743833
Kc,Th,6h,Qd,6c,2d,Qc,6,1,94,1,744339
7h,5s,6h,Qd,6c,2d,Qc,6,2,94,1,744333
Td,Js,6h,Qd,6c,2d,Qc,6,3,413,1,744337
7s,Td,Kd,5s,4h,7c,2s,5,1,125,1,384244
Tc,8c,Kd,5s,4h,7c,2s,5,2,550,1,332829
6h,Qd,9d,Ac,Qh,4s,Jd,5,1,3,1,395415
Jc,As,9d,Ac,Qh,4s,Jd,5,5,4,3,744741
6h,Qd,9d,Ac,Qh,4s,Jd,5,1,3,2,395415
2d,Ac,2h,8s,8c,Ad,8h,4,2,2,1,2227848
7d,7c,2h,8s,8c,Ad,8h,4,4,1,3,2227841
2d,Ac,2h,8s,8c,Ad,8h,4,2,2,4,2227848
7d,7c,2h,8s,8c,Ad,8h,4,4,1,2,2227841
5h,5s,5c,9h,3c,9s,2h,4,3,0,3,2227804
As,Ah,5c,9h,3c,9s,2h,4,4,0,2,744708
As,Ah,5c,9h,3c,9s,2h,4,4,0,5,744708
Kd,Jd,9c,8c,4c,8s,3h,3,1,93,1,386458
Qd,7h,9c,8c,4c,8s,3h,3,2,771,1,386261
Ac,Jh,4c,3d,9d,5d,Qs,3,1,70,1,366317
8c,Kd,4c,3d,9d,5d,Qs,3,2,578,1,337405
8s,Th,4c,3d,9d,5d,Qs,3,3,83,1,304450
8d,8c,5h,7c,9c,Tc,Qs,3,1,5,1,386276
Qh,8s,5h,7c,9c,Tc,Qs,3,2,0,1,394712
Ac,Th,4d,7s,6s,Kh,Qc,3,1,187,1,368698
Jd,Tc,4d,7s,6s,Kh,Qc,3,2,79,1,337771
3c,8c,2d,2s,Kc,4c,6d,3,1,34,1,373234
7c,5c,2d,2s,Kc,4c,6d,3,2,304,1,373221
Ac,7d,2d,2h,9s,3h,2s,2,1,110,1,1114042
Tc,Js,2d,2h,9s,3h,2s,2,2,43,1,1114004
7h,Qs,4s,2d,Jc,Ad,8h,2,1,271,1,366306
9s,6c,4s,2d,Jc,Ad,8h,2,2,704,1,363770
9s,7d,Kc,Ks,6c,Ah,Kd,2,1,272,1,1115901
9d,3h,Kc,Ks,6c,Ah,Kd,2,2,704,1,1115901
Ac,8c,6d,Ks,Th,4d,5c,2,1,107,1,368333
9h,Ah,6d,Ks,Th,4d,5c,2,2,46,1,368346
8s,Js,5s,Qh,5d,9d,Tc,2,1,111,1,1485182
Jd,Ts,5s,Qh,5d,9d,Tc,2,2,307,1,743987
Js,Qd,Kd,3s,Td,Th,2c,2,1,14,1,390867
Jd,Kh,Kd,3s,Td,Th,2c,2,2,39,1,744558
Qs,Js,Ad,9c,Tc,3d,5d,2,1,73,1,366334
4d,Ts,Ad,9c,Tc,3d,5d,2,2,345,1,390991
5d,Qh,5h,3s,Jc,2s,2h,2,1,26,1,743103
Kc,Qd,5h,3s,Jc,2s,2h,2,2,127,1,373291
Tc,9c,3d,As,8s,9h,7h,2,1,43,3,388810
9s,4s,3d,As,8s,9h,7h,2,2,9,2,388783
Js,8d,8s,3h,6c,7d,Kd,2,1,14,1,386456
Qh,7h,8s,3h,6c,7d,Kd,2,2,3,1,384273
Tc,Jd,4s,3s,6s,2h,7h,2,1,125,1,275524
Ad,9h,4s,3s,6s,2h,7h,2,2,28,1,359010
7c,Tc,2h,2d,Ad,Qc,6h,2,1,790,1,373459
5s,Js,2h,2d,Ad,Qc,6h,2,2,185,1,373460
9h,Ah,5s,8h,Jc,Qh,2d,2,1,10,1,366320
Tc,Ac,5s,8h,Jc,Qh,2d,2,2,42,1,366333
2d,4h,7c,Ah,5c,4c,8h,2,1,92,1,377798
Jd,Kh,7c,Ah,5c,4c,8h,2,2,326,1,368503
8h,Th,7d,2d,Kd,Ks,4s,2,1,216,1,396895
5h,3h,7d,2d,Kd,Ks,4s,2,2,759,1,396346
7s,6h,Ad,Th,Ts,8h,Kd,2,1,752,1,391046
4d,5h,Ad,Th,Ts,8h,Kd,2,2,224,1,391046
Ks,Kh,Kd,6d,4s,Jh,Tc,2,1,84,1,1115863
Ad,4c,Kd,6d,4s,Jh,Tc,2,2,333,1,377867
2s,5h,8d,3s,2h,3c,3d,2,1,10,3,2227771
Qc,Ad,8d,3s,2h,3c,3d,2,2,42,2,1114214
Kc,4c,Td,3s,3c,Qh,3d,2,1,198,1,1114201
Jh,4d,Td,3s,3c,Qh,3d,2,2,777,1,1114187
Qs,9s,6s,2d,Th,7d,Td,2,1,31,1,390655
Ah,2h,6s,2d,Th,7d,Td,2,2,122,1,743950
9s,5c,Qs,7c,Kh,5h,7d,2,1,183,1,743481
2s,9d,Qs,7c,Kh,5h,7d,2,2,792,1,384274
2d,9d,6h,Jh,6c,3c,4c,2,1,183,1,381695
7c,Kd,6h,Jh,6c,3c,4c,2,2,792,1,382062
Qs,Ad,Ks,8h,6s,Tc,Kd,2,1,338,1,397626
As,7h,Ks,8h,6s,Tc,Kd,2,2,79,1,397598
Kh,Th,Ah,9c,Jc,4d,2d,2,1,10,1,368531
6h,Jh,Ah,9c,Jc,4d,2d,2,2,42,1,393189
8s,8h,Qh,4h,9c,6d,Td,2,1,9,1,386276
Ac,Ts,Qh,4h,9c,6d,Td,2,2,43,1,391034
4d,4s,9s,Kh,Tc,Ad,2h,2,1,126,1,377866
8d,3d,9s,Kh,Tc,Ad,2h,2,2,27,1,368348
Td,Ad,2s,2d,5h,6d,7s,2,1,43,1,373430
Jh,Kh,2s,2d,5h,6d,7s,2,2,9,1,373274
As,9c,3c,Jd,Qc,2s,7d,2,1,70,1,366319
9h,Ah,3c,Jd,Qc,2s,7d,2,2,348,1,366319
4h,5h,2h,Tc,4c,8h,Qd,2,1,128,1,377487
Th,6d,2h,Tc,4c,8h,Qd,2,2,25,1,390641
2c,5s,4c,2s,Qc,Qh,7d,2,1,26,1,744281
Ac,Td,4c,2s,Qc,Qh,7d,2,2,127,1,395400
Qd,7d,2h,Ac,Ad,8h,7h,2,1,27,1,744689
6h,Ks,2h,Ac,Ad,8h,7h,2,2,127,1,399599
8s,5c,Kh,2h,Qs,4h,Kd,2,1,69,1,397231
7s,9d,Kh,2h,Qs,4h,Kd,2,2,348,1,397246
6c,8s,As,4h,8h,7h,4d,2,1,162,1,743638
2h,Qs,As,4h,8h,7h,4d,2,2,813,1,377851
Jh,Qh,6d,3c,8c,Ts,7c,2,1,68,1,306818
2s,3h,6d,3c,8c,Ts,7c,2,2,349,1,374925
9h,Ac,6c,5s,7d,4h,Ad,2,1,44,1,398909
7h,9c,6c,5s,7d,4h,Ad,2,2,8,1,384401
Th,5c,Qd,Ad,9c,Qs,2d,2,1,150,1,395402
Tc,3h,Qd,Ad,9c,Qs,2d,2,2,825,1,395402
9d,Th,Ah,Qh,4d,3c,8c,2,1,823,1,366151
3s,2c,Ah,Qh,4d,3c,8c,2,2,153,1,375654
Ac,4d,7h,Tc,Kc,Jd,Kh,2,1,354,1,397613
3s,9s,7h,Tc,Kc,Jd,Kh,2,2,64,1,397092
2s,8s,As,Qh,2c,9d,Ts,2,1,63,1,373459
4d,5h,As,Qh,2c,9d,Ts,2,2,354,1,366148
Kd,3h,Qd,6d,5d,Qh,As,2,1,353,1,395438
9s,8s,Qd,6d,5d,Qh,As,2,2,65,1,395388
2h,Ah,Ac,9d,Kc,Kd,9s,2,1,3,1,744764
8h,Kh,Ac,9d,Kc,Kd,9s,2,2,14,3,2227908
2h,Ah,Ac,9d,Kc,Kd,9s,2,1,3,2,744764
9c,As,Kc,Qc,6d,Tc,4d,2,1,8,1,368700
Qh,Ad,Kc,Qc,6d,Tc,4d,2,2,44,1,395442
Th,Qc,Jh,Kh,Ad,6c,Jd,2,1,2,Q,1485184
9d,Jc,5d,8d,Qh,5s,4d,3,1,303,1,379698
2h,6s,5d,8d,Qh,5s,4d,3,2,437,1,379656
6d,Ts,2d,Th,4d,Jd,4c,3,1,26,3,743973
Ks,4h,2d,Th,4d,Jd,4c,3,2,13,4,1114369
6d,Ts,2d,Th,4d,Jd,4c,3,1,26,2,743973
Ac,5h,7c,Th,Kd,2c,3d,3,1,232,1,368319
Jh,6s,7c,Th,Kd,2c,3d,3,2,306,1,335365
Qd,4h,8d,5h,Qh,6s,8h,3,2,81,1,744358
Kh,9d,8d,5h,Qh,6s,8h,3,3,109,1,386471
8s,6d,Kh,9c,As,3c,Jc,3,1,310,1,368517
7h,Tc,Kh,9c,As,3c,Jc,3,2,423,1,368531
7c,5d,3d,Ad,9c,2s,3s,3,1,318,1,375614
Qc,Tc,3d,Ad,9c,2s,3s,3,2,174,1,375656
4d,Qd,3d,Ad,9c,2s,3s,3,3,232,1,375655
Kh,Jd,4h,3d,5c,Ad,Jh,3,2,149,1,393240
Js,Kc,4h,3d,5c,Ad,Jh,3,3,82,1,393240
5c,Jc,8c,Ts,9c,Ks,Kd,3,1,36,1,397092
8h,2s,8c,Ts,9c,Ks,Kd,3,2,49,1,744531
9h,Kc,Ts,Qs,Qd,7h,Td,4,2,94,1,744391
Kd,8c,Ts,Qs,Qd,7h,Td,4,4,365,1,744391
5s,7s,5c,As,4s,Ad,4d,3,1,37,1,744658
Jd,Ks,5c,As,4s,Ad,4d,3,3,12,1,744651
8h,5s,7c,Kd,6h,7h,Jh,3,1,30,1,384260
6s,8d,7c,Kd,6h,7h,Jh,3,2,94,1,743494
Ac,As,Tc,Ts,5s,9d,4c,3,1,7,1,744725
4d,5h,Tc,Ts,5s,9d,4c,3,2,10,3,743984
Ac,As,Tc,Ts,5s,9d,4c,3,1,7,2,744725
Jd,7h,Kc,5s,9s,Td,6h,3,1,307,1,335392
3d,2d,Kc,5s,9s,Td,6h,3,2,74,1,332985
8h,Ac,Kc,5s,9s,Td,6h,3,3,252,1,368348
9s,Jd,Ts,8s,6s,3s,Js,3,1,71,3,2132355
2c,Kd,Ts,8s,6s,3s,Js,3,2,81,2,2132157
4h,7h,Th,Ad,3h,Qs,4s,5,1,25,3,377853
As,7d,Th,Ad,3h,Qs,4s,5,2,4,2,399456
Qc,9h,8c,Ts,Qd,Kh,4h,5,1,20,1,395233
Jh,Qh,8c,Ts,Qd,Kh,4h,5,4,9,1,395247
Jd,9d,8c,Ts,Qd,Kh,4h,5,5,2,3,1485183
Qc,9h,8c,Ts,Qd,Kh,4h,5,1,20,2,395233
Jh,Qh,8c,Ts,Qd,Kh,4h,5,4,9,2,395247
2h,5h,Js,4d,4c,Td,6c,5,1,131,1,377316
3s,Qc,Js,4d,4c,Td,6c,5,2,960,1,377502
Jd,3d,5h,Ad,Js,2s,3s,4,1,68,1,744132
8h,8c,5h,Ad,Js,2s,3s,4,2,20,1,386623
4d,Kd,3c,As,5c,Qh,6h,6,2,56,3,368644
Kc,Qd,3c,As,5c,Qh,6h,6,3,16,2,395438
5d,Qs,Ac,Jd,Kh,8c,Qh,6,2,289,1,395443
Th,4h,Ac,Jd,Kh,8c,Qh,6,4,114,1,1485184
Jc,Ac,4c,Kd,Ts,Qd,Th,7,1,3,3,1485184
Td,4d,4c,Kd,Ts,Qd,Th,7,2,3,2,2227864
6s,9s,9d,2s,6h,Jh,3s,6,1,1,3,743830
Ts,Jd,9d,2s,6h,Jh,3s,6,3,6,2,392513
5h,Jh,5c,5d,7h,Tc,6h,6,1,6,3,1114511
Jc,5s,5c,5d,7h,Tc,6h,6,2,3,2,1114511
Ks,Td,Ts,5s,As,Tc,7d,7,5,4,1,1115398
9s,6s,Ts,5s,As,Tc,7d,7,6,22,1,2218011
8h,7h,6c,8c,8s,6s,3d,7,4,3,3,2227840
8d,7d,6c,8c,8s,6s,3d,7,7,1,2,2227840
8h,7d,2s,3d,8d,3s,3h,6,5,23,1,2227777
4d,Kd,2s,3d,8d,3s,3h,6,6,23,1,1114197
4h,9s,9d,9h,Ad,Qc,2c,7,2,17,3,1115228
Ac,Jc,9d,9h,Ad,Qc,2c,7,4,21,2,744715
Ts,Tc,Kc,Th,Kd,7s,Jh,6,2,4,3,2227873
8s,9s,Kc,Th,Kd,7s,Jh,6,5,10,2,1485181
6c,9d,9h,5h,Ts,9s,2s,7,2,8,3,1115170
Tc,8c,9h,5h,Ts,9s,2s,7,6,18,2,744035
Qc,Kc,6s,9d,5s,7d,Ac,7,4,4,1,368685
7s,Qs,6s,9d,5s,7d,Ac,7,6,4,1,384443
Ac,Qh,8h,5s,4h,8c,6c,5,3,45,1,386637
Jh,Kd,8h,5s,4h,8c,6c,5,4,33,1,386455
5h,Jh,Th,Qd,9h,Qc,8c,6,2,6,1,1485182
Jc,Tc,Th,Qd,9h,Qc,8c,6,6,4,3,1485182
5h,Jh,Th,Qd,9h,Qc,8c,6,2,6,2,1485182
4d,4h,7d,9d,7h,7s,3c,7,4,6,1,2227825
Ac,9h,7d,9d,7h,7s,3c,7,6,8,1,2227830
Tc,Ac,Ts,Th,Jh,3c,6c,7,5,494,3,1115396
Jc,9s,Ts,Th,Jh,3c,6c,7,7,30,2,744218
4c,Ah,3d,7d,9h,Td,4s,5,2,182,3,377826
Kc,8h,3d,7d,9h,Td,4s,5,4,65,2,333013
8c,Ad,8h,Kh,2h,Jc,Qd,7,1,28,1,386656
Tc,Qc,8h,Kh,2h,Jc,Qd,7,7,33,1,395247
Qh,As,Qd,2c,5s,3c,5h,7,1,357,3,744327
2d,9d,Qd,2c,5s,3c,5h,7,2,221,2,743103
Ah,3d,Th,3c,Qs,2h,3h,7,2,2,1,1114214
8h,9h,Th,3c,Qs,2h,3h,7,3,2,3,2101359
Ah,3d,Th,3c,Qs,2h,3h,7,2,2,4,1114214
8h,9h,Th,3c,Qs,2h,3h,7,3,2,2,2101359
Qs,4s,4c,8h,4d,Qd,Ts,8,4,7,1,2227794
Td,8c,4c,8h,4d,Qd,Ts,8,6,1,3,744026
Qs,4s,4c,8h,4d,Qd,Ts,8,4,7,4,2227794
Td,8c,4c,8h,4d,Qd,Ts,8,6,1,2,744026
2c,2d,Jc,Qd,Qc,3h,7c,9,6,3,1,744285
Kd,Ks,Jc,Qd,Qc,3h,7c,9,8,157,3,744584
2c,2d,Jc,Qd,Qc,3h,7c,9,6,3,2,744285
Qs,Qc,7c,Qd,7h,Js,7s,8,2,149,3,2227893
9d,9s,7c,Qd,7h,Js,7s,8,8,2,2,2227830
Td,Tc,9d,Js,8s,6d,As,7,3,14,1,391021
7s,Qs,9d,Js,8s,6d,As,7,5,2,3,2222771
Td,Tc,9d,Js,8s,6d,As,7,3,14,2,391021
Ad,5d,2d,3d,Ah,9d,3c,8,1,0,1,2215096
Td,Qd,2d,3d,Ah,9d,3c,8,5,1,3,2160847
Ad,5d,2d,3d,Ah,9d,3c,8,1,0,4,2215096
Td,Qd,2d,3d,Ah,9d,3c,8,5,1,2,2160847
Ad,5d,2d,3d,Ah,9d,3c,8,1,0,5,2215096
6s,4s,9s,4h,8s,5h,3d,8,2,669,1,376952
Js,5s,9s,4h,8s,5h,3d,8,8,10,1,379502
Kc,8s,8h,2h,3s,7h,Jh,7,2,20,1,386456
Jd,Th,8h,2h,3s,7h,Jh,7,4,39,1,2132169
5h,4d,3h,4s,Kh,7c,Jc,6,2,74,1,377668
3s,Ac,3h,4s,Kh,7c,Jc,6,5,40,1,375670
6s,Ad,4h,Kd,5c,Th,6c,4,1,49,1,382260
5h,Qs,4h,Kd,5c,Th,6c,4,2,33,1,379881
Ad,5d,Tc,2c,Th,Js,3h,5,1,1066,1,391017
9s,8s,Tc,2c,Th,Js,3h,5,5,16,1,390487
8d,Ad,8c,6c,Jd,4h,9h,5,1,9,1,386627
6s,Qc,8c,6c,Jd,4h,9h,5,2,8,1,381895
6c,Tc,9s,Qc,2c,8d,Qs,5,1,2,1,394712
Kh,Ks,9s,Qc,2c,8d,Qs,5,4,7,1,744582
6h,2d,Jh,6d,Jc,5s,9h,5,2,28,1,744166
Qc,9d,Jh,6d,Jc,5s,9h,5,4,17,3,744208
6h,2d,Jh,6d,Jc,5s,9h,5,2,28,2,744166
Qc,Tc,Ts,2s,3d,5c,Ac,5,2,13,1,391030
5d,5h,Ts,2s,3d,5c,Ac,5,3,5,3,1114550
Qc,Tc,Ts,2s,3d,5c,Ac,5,2,13,2,391030
8c,8d,5d,7h,Ad,6d,5s,6,1,7,1,743651
As,9c,5d,7h,Ad,6d,5s,6,6,17,1,744660
Jh,Kh,3s,6c,6d,9c,5h,6,5,31,1,382064
Js,Th,3s,6c,6d,9c,5h,6,6,12,1,381713
9d,Ac,8d,6d,9s,Kh,5s,7,6,3,1,388849
Ad,8c,8d,6d,9s,Kh,5s,7,7,2,1,386653
Kh,5h,Jh,4s,Qd,Ac,6s,6,1,353,1,368710
8s,3s,Jh,4s,Qd,Ac,6s,6,2,321,1,366305
Th,Qd,Qs,2h,8h,Kc,5h,6,1,4,1,395232
Ah,3h,Qs,2h,8h,Kc,5h,6,6,7,3,2212899
Th,Qd,Qs,2h,8h,Kc,5h,6,1,4,2,395232
8s,8h,Ks,2s,3h,Qc,2d,5,1,135,1,743611
6s,6d,Ks,2s,3h,Qc,2d,5,3,38,1,743273
5c,4c,Ks,2h,Tc,8h,2c,8,2,87,1,373262
Ad,9h,Ks,2h,Tc,8h,2c,8,4,50,1,373472
6h,6c,Ks,2h,Tc,8h,2c,8,6,22,1,743273
As,Kd,8h,Jh,Qc,2c,5c,10,1,140,1,368712
Ks,Th,8h,Jh,Qc,2c,5c,10,2,68,1,337772
9s,Ts,3d,Js,3s,8h,Qc,9,5,0,3,1485182
Ac,3c,3d,Js,3s,8h,Qc,9,7,0,2,1114214
9s,Ts,3d,Js,3s,8h,Qc,9,5,0,5,1485182
As,Qs,3s,Kd,6s,Jh,Ks,9,2,5,1,2225107
Ad,Ah,3s,Kd,6s,Jh,Ks,9,7,11,1,744766
6s,As,Ts,5c,7s,Js,8h,9,2,20,3,2220391
Kh,Ks,Ts,5c,7s,Js,8h,9,4,10,2,397091
5d,4d,6d,2h,7d,Qh,8h,8,7,3,3,1485178
Qd,Ah,Qc,Ks,Ad,6d,7s,8,2,0,3,744755
7d,Kd,Qc,Ks,Ad,6d,7s,8,7,2,2,744522
Ac,Jh,5c,As,8s,7s,Js,8,1,28,1,744737
Kd,Ts,5c,As,8s,7s,Js,8,7,19,1,2220405
9h,Kh,5c,As,8s,7s,Js,8,8,34,3,368517
Ac,Jh,5c,As,8s,7s,Js,8,1,28,2,744737
Kd,Ts,5c,As,8s,7s,Js,8,7,19,2,2220405
Jd,Td,Jc,7h,7s,6s,2h,5,4,9,3,744180
Qs,Qh,Jc,7h,7s,6s,2h,5,5,1,2,744350
6h,7h,As,Js,Td,5c,2h,4,2,775,1,363926
9d,4d,As,Js,Td,5c,2h,4,4,326,1,363951
Kd,9c,Kh,Ks,As,Ac,Js,3,1,103,3,2227913
Ad,6h,Kh,Ks,As,Ac,Js,3,2,253,4,2227925
Kd,9c,Kh,Ks,As,Ac,Js,3,1,103,2,2227913
7s,Qd,Js,Tc,Td,3h,9c,4,2,798,1,390683
5s,5c,Js,Tc,Td,3h,9c,4,4,172,1,743986
Qd,Ac,Td,Js,6c,Kc,6h,3,1,41,1,1485184
8c,9d,Td,Js,6c,Kc,6h,3,3,108,1,382065
Jh,Td,5d,Kd,7s,5c,3h,4,1,202,1,379868
9c,6c,5d,Kd,7s,5c,3h,4,2,905,1,379839
Kd,Ac,9c,6c,Kc,Ad,9h,4,1,9,1,744764
Jc,4c,9c,6c,Kc,Ad,9h,4,2,3,3,2191646
Kd,Ac,9c,6c,Kc,Ad,9h,4,1,9,2,744764
Jd,3s,2c,2h,2s,Kh,2d,2,1,907,1,2599062
Td,9c,2c,2h,2s,Kh,2d,2,2,397,1,2599062
7h,8h,Kh,8s,5c,6h,Ad,3,1,375,1,386651
6c,Qs,Kh,8s,5c,6h,Ad,3,2,420,1,382262
5s,Qs,4c,6c,4d,Kd,8c,3,1,876,1,377682
Qd,2c,4c,6c,4d,Kd,8c,3,2,1004,1,377682
Jd,3d,5c,6c,Kd,6h,8c,3,1,753,1,382063
7c,2s,5c,6c,Kd,6h,8c,3,2,175,1,382023
8d,9d,5c,6c,Kd,6h,8c,3,3,657,1,743663
Tc,Kd,Kc,Js,Qc,6h,3s,3,1,9,1,397275
Ts,9d,Kc,Js,Qc,6h,3s,3,2,11,3,1485183
Tc,Kd,Kc,Js,Qc,6h,3s,3,1,9,2,397275
Kc,4d,Kh,Qs,8c,7c,6c,3,2,24,1,397233
Kd,Jh,Kh,Qs,8c,7c,6c,3,3,89,1,397273
Ts,As,4c,7c,Jd,Jh,5s,3,1,837,1,393203
3d,2s,4c,7c,Jd,Jh,5s,3,2,1049,1,391952
3h,5s,Kd,Ac,Qc,Qd,2d,3,2,197,1,395437
Th,Kc,Kd,Ac,Qc,Qd,2d,3,3,714,1,744587
8h,Ac,9d,Qd,9h,3s,Ts,3,1,834,1,388838
6h,7s,9d,Qd,9h,3s,Ts,3,2,1014,1,388471
2s,Ad,9h,Tc,9d,2d,8h,3,2,869,1,743781
4d,3d,9h,Tc,9d,2d,8h,3,3,230,1,388104
5c,2c,6s,3d,4s,4c,6c,3,1,4,1,1485176
Ts,8s,6s,3d,4s,4c,6c,3,3,15,1,743296
2d,3s,Ad,6s,Jd,Th,Kd,3,2,259,1,368528
5c,6c,Ad,6s,Jd,Th,Kd,3,3,711,1,382261
2d,7d,Ac,6s,4h,5h,Jh,3,1,833,1,363405
Ad,Qh,Ac,6s,4h,5h,Jh,3,2,979,1,399468
Qc,9d,Ts,3d,Jc,Th,Kh,5,1,30,1,1485183
6d,Td,Ts,3d,Jc,Th,Kh,5,2,3,3,1115383
Qc,9d,Ts,3d,Jc,Th,Kh,5,1,30,4,1485183
6d,Td,Ts,3d,Jc,Th,Kh,5,2,3,2,1115383
2s,Kh,5c,Jc,8s,4h,Kd,6,1,54,1,397062
Ac,4d,5c,Jc,8s,4h,Kd,6,2,96,1,377867
9s,Qs,5c,Jc,8s,4h,Kd,6,4,85,1,337759
Kh,Ts,Td,Jh,9h,7d,As,5,1,16,1,391049
7s,7h,Td,Jh,9h,7d,As,5,3,10,1,1114889
4s,2h,2s,3d,Ad,5s,7h,6,2,3,3,1485175
2c,4c,2s,3d,Ad,5s,7h,6,5,1,2,1485175
2c,7c,6c,8c,Ad,Qh,3c,6,1,20,3,2039505
Ts,Qc,6c,8c,Ad,Qh,3c,6,5,17,2,395401
6s,3s,4h,7s,9h,As,Qs,7,2,69,3,2222065
Qh,Kd,4h,7s,9h,As,Qs,7,5,27,2,395441
6h,Qd,2s,Qc,7s,Js,Qh,7,1,26,3,1115691
Jh,2h,2s,Qc,7s,Js,Qh,7,2,5,2,744398
4h,6h,Kh,2c,9h,6d,Qd,4,1,28,1,382077
9s,Jh,Kh,2c,9h,6d,Qd,4,3,24,1,388670
8h,7d,8c,5c,6d,3s,5h,5,4,18,1,743644
9c,Qc,8c,5c,6d,3s,5h,5,5,4,1,379671
Th,Ac,5c,8d,Ad,Kc,7h,5,1,11,1,399626
Kd,Td,5c,8d,Ad,Kc,7h,5,5,34,1,397598
9s,9h,Kc,6h,6c,3d,8h,2,1,63,3,743832
6s,Ac,Kc,6h,6c,3d,8h,2,2,20,4,1114722
9s,9h,Kc,6h,6c,3d,8h,2,1,63,2,743832
2c,4c,Ks,3h,Kh,Ah,3c,3,1,1159,1,744470
Qh,5c,Ks,3h,Kh,Ah,3c,3,2,152,1,744470
8d,6s,4s,6c,Kh,2s,Qs,3,1,158,1,382076
7d,2d,4s,6c,Kh,2s,Qs,3,2,167,1,373287
Qd,5d,2d,2c,7s,Jd,Ad,3,1,372,1,2222727
8c,Kh,2d,2c,7s,Jd,Ad,3,2,387,1,373473
8h,4h,2c,3c,Qd,4d,Jh,3,2,986,1,377500
Kd,8c,2c,3c,Qd,4d,Jh,3,3,319,1,337742
3d,Kc,Kh,8h,Ts,Td,2h,3,2,39,1,744555
Js,Qc,Kh,8h,Ts,Td,2h,3,3,41,1,390867
Kc,Th,2s,Ts,3d,Td,9c,3,1,14,3,1115381
Ad,As,2s,Ts,3d,Td,9c,3,3,4,4,744725
Kc,Th,2s,Ts,3d,Td,9c,3,1,14,4,1115381
Ad,As,2s,Ts,3d,Td,9c,3,3,4,2,744725
9d,Ts,3h,3c,Ah,Ac,6d,3,1,381,1,744635
5h,2c,3h,3c,Ah,Ac,6d,3,2,336,1,744631
8h,Qh,Ad,5s,4s,Qc,2d,3,1,357,1,395372
7h,Qs,Ad,5s,4s,Qc,2d,3,2,115,1,395359
6h,Qh,Ah,Kh,5s,2s,4d,3,1,17,1,368644
8c,8s,Ah,Kh,5s,2s,4d,3,2,65,1,386649
9d,Qd,3c,5h,3s,Ac,5d,3,1,312,1,743118
4h,6d,3c,5h,3s,Ac,5d,3,2,1203,1,743118
7h,Kh,Qc,Tc,7s,Ad,6s,3,1,1203,1,384459
4h,Jc,Qc,Tc,7s,Ad,6s,3,2,897,1,366332
4s,5c,7d,7s,8d,Td,5s,3,1,897,1,743478
Tc,3s,7d,7s,8d,Td,5s,3,2,312,1,744009
8h,Js,3c,Kh,6d,5c,Qs,3,1,235,1,337744
Ad,2s,3c,Kh,6d,5c,Qs,3,2,902,1,368644
Tc,As,3c,Kh,6d,5c,Qs,3,3,672,1,368697
5s,5c,4h,9c,5h,Kh,As,4,1,0,3,1114553
2h,Ah,4h,9c,5h,Kh,As,4,3,0,4,2223897
5s,5c,4h,9c,5h,Kh,As,4,1,0,4,1114553
2h,Ah,4h,9c,5h,Kh,As,4,3,0,4,2223897
5s,5c,4h,9c,5h,Kh,As,4,1,0,2,1114553
5s,5c,4h,9c,5h,Kh,As,4,1,0,5,1114553
Jd,Kc,5h,7h,5s,8h,7s,3,1,234,1,743481
2c,Tc,5h,7h,5s,8h,7s,3,2,1199,1,743478
9s,Jc,5h,7h,5s,8h,7s,3,3,672,1,743479
3s,8d,Jh,4d,7s,4c,Ks,3,2,1370,1,377669
Qs,5s,Jh,4d,7s,4c,Ks,3,3,767,1,377685
7s,6h,Qh,4d,Jh,8s,Qs,3,1,901,1,394867
9s,7c,Qh,4d,Jh,8s,Qs,3,2,314,1,394881
2h,Qd,5c,2c,7h,Jd,7c,3,2,93,1,743441
5h,Ah,5c,2c,7h,Jd,7c,3,3,477,1,743482
5c,7d,Kh,9d,6c,As,Td,3,1,233,1,368347
8c,Jd,Kh,9d,6c,As,Td,3,2,1195,1,368531
6h,7h,Kh,9d,6c,As,Td,3,3,677,1,382260
7h,Kh,4d,As,Th,Jh,Qd,3,1,49,3,1485184
Qh,6h,4d,As,Th,Jh,Qd,3,2,251,2,395416
Kd,2d,Jh,2c,4s,8d,Jd,3,2,774,1,744118
Ad,6c,Jh,2c,4s,8d,Jd,3,3,272,1,393176
7h,7d,Kc,9c,Ad,6c,5h,3,1,902,1,384456
6d,Th,Kc,9c,Ad,6c,5h,3,2,238,1,382260
Ad,6s,8h,Jh,5s,Tc,As,3,1,902,1,399288
6d,9h,8h,Jh,5s,Tc,As,3,2,238,1,363954
8h,Th,Qh,Kd,9c,2s,5c,3,2,1358,1,337590
7d,6s,Qh,Kd,9c,2s,5c,3,3,774,1,337393
Tc,Qh,5s,4d,Ad,8h,7h,3,1,677,1,366137
8s,2c,5s,4d,Ad,8h,7h,3,2,176,1,386571
Th,Qc,5s,4d,Ad,8h,7h,3,3,1191,1,366137
9s,Ah,5s,3c,Ac,7h,7s,2,1,1,1,744686
Kc,7c,5s,3c,Ac,7h,7s,2,2,1,3,1114891
9s,Ah,5s,3c,Ac,7h,7s,2,1,1,2,744686
Jd,Ts,Jc,Kd,9d,Qd,9c,2,1,8,3,1485183
Qh,As,Jc,Kd,9d,Qd,9c,2,2,22,2,744379
Kh,9d,6s,Ks,5h,7h,Ad,2,1,25,1,397584
Td,Th,6s,Ks,5h,7h,Ad,2,2,62,1,391045
Kh,5d,3c,Qs,Js,6s,Th,2,1,392,1,337770
4c,Ac,3c,Qs,Js,6s,Th,2,2,163,1,366331
Qd,6d,Kd,5c,As,2h,2c,2,1,393,1,373474
8h,5h,Kd,5c,As,2h,2c,2,2,162,1,743105
Kh,Jc,8h,Qd,6d,8s,Qs,2,1,69,1,744365
Th,Jd,8h,Qd,6d,8s,Qs,2,2,168,1,744363
Qc,Th,Jc,Tc,3h,7h,4c,2,1,61,1,390681
Jh,9s,Jc,Tc,3h,7h,4c,2,2,25,1,392514
9h,Ac,2d,3c,2c,Th,3s,3,1,60,1,742767
Qs,Kh,2d,3c,2c,Th,3s,3,2,155,1,742766
Ts,Tc,Kd,Ad,3c,Th,4h,3,2,16,1,1115398
2s,Ac,Kd,Ad,3c,Th,4h,3,3,43,1,399622
4s,Kd,8s,5s,8d,9s,Ac,4,1,407,1,386653
Kh,7d,8s,5s,8d,9s,Ac,4,2,981,1,386653
Qd,Kh,6s,Qh,3c,Ad,4s,4,1,736,1,395438
8h,Th,6s,Qh,3c,Ad,4s,4,2,1196,1,366136
9d,Kc,6s,Qh,3c,Ad,4s,4,4,304,1,368684
Ts,Jd,Qs,Kh,As,7s,Kc,3,2,35,1,1485184
Jh,Td,Qs,Kh,As,7s,Kc,3,3,58,3,1485184
Ts,Jd,Qs,Kh,As,7s,Kc,3,2,35,2,1485184
Qc,Th,Tc,9c,8h,Ts,Td,5,2,52,1,2599165
Kd,6c,Tc,9c,8h,Ts,Td,5,5,270,1,1115381
As,7d,8c,6c,7c,Ts,8h,5,2,10,1,743677
4c,4d,8c,6c,7c,Ts,8h,5,3,52,1,743634
6s,6c,7c,5s,Qc,Kd,Jc,5,1,10,1,382079
Qh,Td,7c,5s,Qc,Kd,Jc,5,4,54,1,395247
Kd,6c,4d,Ah,Jh,8d,5d,5,2,673,1,368502
Qs,5s,4d,Ah,Jh,8d,5d,5,5,809,1,380051
6s,8d,2d,3s,Ts,6c,7s,4,1,404,1,381516
Jh,Ad,2d,3s,Ts,6c,7s,4,3,337,1,363926
4s,6c,4d,9h,Qd,2s,4c,6,1,9,3,1114354
As,Ts,4d,9h,Qd,2s,4c,6,2,62,2,377853
As,4s,Ac,3s,Ks,6s,5s,6,2,49,1,2224081
Kh,3h,Ac,3s,Ks,6s,5s,6,6,1,1,744470
Jd,7c,5h,Jc,5d,6h,3c,6,2,83,1,744151
Jh,9s,5h,Jc,5d,6h,3c,6,5,14,1,744153
8d,8h,6c,6s,5h,4d,2d,6,2,3,1,743655
3h,5s,6c,6s,5h,4d,2d,6,6,8,3,1485176
8d,8h,6c,6s,5h,4d,2d,6,2,3,2,743655
Qh,5s,Ac,Kc,Qc,6s,Tc,6,2,421,1,395442
9s,Ah,Ac,Kc,Qc,6s,Tc,6,3,222,1,399654
Qd,8h,Ac,Kc,Qc,6s,Tc,6,5,68,1,395442
4d,6h,Ac,Kc,Qc,6s,Tc,6,6,518,1,382262
Jd,Ks,9h,8c,2h,6c,7s,6,1,121,1,335210
Ad,3d,9h,8c,2h,6c,7s,6,2,64,1,359194
Js,Qd,6c,Qh,3h,3s,Ks,6,1,5,1,744300
Ac,Qs,6c,Qh,3h,3s,Ks,6,4,13,1,744301
Qc,Jh,3s,Qh,4h,6s,Ah,4,3,16,3,395412
Ac,3h,3s,Qh,4h,6s,Ah,4,4,8,2,744637
Ks,Qs,2s,8s,Th,Tc,8d,4,3,3,1,744027
As,3h,2s,8s,Th,Tc,8d,4,4,1,1,744028
4c,7s,6d,2c,Qs,Js,7h,4,2,89,1,384089
Jh,Kd,6d,2c,Qs,Js,7h,4,3,61,3,393060
4c,7s,6d,2c,Qs,Js,7h,4,2,89,2,384089
Qh,5c,8d,9s,Ah,Jc,9h,4,1,362,1,388839
Ks,7c,8d,9s,Ah,Jc,9h,4,2,757,1,388852
5d,Kc,8d,9s,Ah,Jc,9h,4,4,518,1,388852
As,9d,4h,Js,8c,6c,3h,4,3,215,1,363770
Kd,9s,4h,Js,8c,6c,3h,4,4,154,1,335209
9s,8s,3d,Ac,9d,7s,Qh,4,3,25,1,388836
9c,Jc,3d,Ac,9d,7s,Qh,4,4,18,1,388839
5c,5s,2h,Ac,9d,2s,7h,4,2,6,1,743105
Js,9s,2h,Ac,9d,2s,7h,4,3,5,1,743781
Ah,6d,7h,3h,9c,3s,Ad,3,2,211,1,744634
Jc,6c,7h,3h,9c,3s,Ad,3,3,342,1,375642
5d,5h,8h,9d,9h,6c,Th,3,1,50,1,743816
9c,7c,8h,9d,9h,6c,Th,3,2,18,1,1485180
Qd,Ts,4h,4d,6c,7h,Jd,3,2,2,3,377502
Ad,As,4h,4d,6c,7h,Jd,3,3,3,2,744649
Jh,Ad,Qh,Qc,Ah,5s,5c,5,4,42,3,744753
Td,Qs,Qh,Qc,Ah,5s,5c,5,5,15,4,2227891
Jh,Ad,Qh,Qc,Ah,5s,5c,5,4,42,2,744753
4h,Qd,9c,Qc,Jc,Qh,6d,5,2,384,1,1115693
8h,9h,9c,Qc,Jc,Qh,6d,5,3,147,1,744376
Qs,5h,9c,As,Tc,6d,5d,5,2,818,1,380050
6h,4h,9c,As,Tc,6d,5d,5,4,791,1,382220
3h,As,5h,7c,4s,2d,4d,5,1,30,1,1485175
Ah,7h,5h,7c,4s,2d,4d,5,5,25,1,743469
5s,5c,Jh,2c,Th,Tc,Kc,5,1,137,1,743988
8s,Ks,Jh,2c,Th,Tc,Kc,5,5,369,1,744558
Qc,Jc,Jd,6h,5c,Jh,2h,6,4,3,1,1115534
Qd,Js,Jd,6h,5c,Jh,2h,6,5,1,1,1115534
6s,4h,2c,6c,4s,7s,6d,6,2,0,3,2227812
2d,2h,2c,6c,4s,7s,6d,6,6,4,2,2227762
6s,4h,2c,6c,4s,7s,6d,6,2,0,5,2227812
4s,3s,2s,Js,6h,7c,Jd,6,2,114,1,391965
As,7d,2s,Js,6h,7c,Jd,6,5,125,1,744184
7s,7d,2s,7h,8s,Tc,4s,6,4,2,1,1114834
Jc,Jd,2s,7h,8s,Tc,4s,6,6,0,1,392501
4h,9h,Ac,7s,7d,Qd,8c,6,2,1034,1,384443
Th,Jh,Ac,7s,7d,Qd,8c,6,6,402,1,384445
6c,Kc,8s,Jd,5d,5c,6s,6,1,315,3,743312
8c,Tc,8s,Jd,5d,5c,6s,6,3,268,2,743648
Ks,As,Kc,Th,Td,5h,Jc,6,2,4,3,744561
Qh,Ah,Kc,Th,Td,5h,Jc,6,4,0,4,1485184
Ks,As,Kc,Th,Td,5h,Jc,6,2,4,2,744561
Jc,Kc,8h,Qc,4h,5c,Kh,3,1,3,1,397273
6h,6d,8h,Qc,4h,5c,Kh,3,3,0,1,382076
Qd,Ac,4s,Ah,5h,Js,9c,3,1,55,1,399471
9s,As,4s,Ah,5h,Js,9c,3,2,0,3,744714
Qd,Ac,4s,Ah,5h,Js,9c,3,1,55,2,399471
Kc,Jd,Qc,2c,7d,Jh,Qd,3,2,35,1,744404
Kd,Jc,Qc,2c,7d,Jh,Qd,3,3,100,1,744404
5s,Ac,5d,As,2d,5h,Jc,4,2,9,3,2227809
2c,2s,5d,As,2d,5h,Jc,4,3,12,4,2227761
5s,Ac,5d,As,2d,5h,Jc,4,2,9,4,2227809
2c,2s,5d,As,2d,5h,Jc,4,3,12,2,2227761
Td,9c,9h,Jd,Ac,Ad,8d,4,1,353,1,744714
5d,Jh,9h,Jd,Ac,Ad,8d,4,2,434,1,744738
7d,Td,Th,Jc,2h,Ac,Qc,4,2,362,1,391036
8s,8c,Th,Jc,2h,Ac,Qc,4,4,92,1,386642
4s,Qs,Js,As,7c,5d,Qh,3,1,188,1,395413
Jc,Ts,Js,As,7c,5d,Qh,3,2,130,1,393232
9c,Jd,6h,4h,Td,2h,As,3,1,821,1,363952
8d,5d,6h,4h,Td,2h,As,3,2,1033,1,361377
Qc,6c,Ks,7h,2c,4c,3h,3,2,1035,1,337040
6s,8s,Ks,7h,2c,4c,3h,3,3,703,1,328252
Js,Ad,Ah,Kd,As,Ac,Kh,3,2,5,1,2599218
Kc,9h,Ah,Kd,As,Ac,Kh,3,3,4,3,2227925
Js,Ad,Ah,Kd,As,Ac,Kh,3,2,5,4,2599218
Kc,9h,Ah,Kd,As,Ac,Kh,3,3,4,2,2227925
3d,As,2h,2d,4s,Jh,6c,3,2,18,1,373442
7s,6s,2h,2d,4s,Jh,6c,3,3,194,3,743271
3d,As,2h,2d,4s,Jh,6c,3,2,18,2,373442
Ac,5s,2d,Qd,Ah,5h,7s,3,2,7124,1,744663
6s,3s,2d,Qd,Ah,5h,7s,3,3,119,1,365602
9s,8h,Kh,6s,6c,8c,4c,3,1,15,1,743663
3h,Ks,Kh,6s,6c,8c,4c,3,3,45,1,744503
Jc,9c,7s,3d,9h,Kc,Ah,4,2,6,3,388852
9d,8d,7s,3d,9h,Kc,Ah,4,4,4,2,388849
Qs,5s,Js,8s,Ks,7c,4d,4,1,0,3,2194208
9c,Tc,Js,8s,Ks,7c,4d,4,4,2,2,1485181
2h,9h,5c,9d,2c,Tc,8h,4,1,1,3,743777
8d,7c,5c,9d,2c,Tc,8h,4,4,9,2,385923
5c,Tc,4c,Kh,6c,As,Ah,3,1,24,3,399624
6d,7d,4c,Kh,6c,As,Ah,3,2,5,2,744677
3h,3c,6s,8s,Qh,Ah,8h,3,1,21,1,743625
Jh,Tc,6s,8s,Qh,Ah,8h,3,3,90,1,386642
Ts,Ac,Tc,Kh,Th,6c,4c,3,2,3,3,1115398
Kd,Ad,Tc,Kh,Th,6c,4c,3,3,0,2,744561
Qs,Ts,Jc,9d,5d,8s,8h,3,2,17,1,1485182
Kh,Jh,Jc,9d,5d,8s,8h,3,3,12,3,744196
Qs,Ts,Jc,9d,5d,8s,8h,3,2,17,4,1485182
Kh,Jh,Jc,9d,5d,8s,8h,3,3,12,2,744196
Ts,Kc,Qh,Jd,Kh,6d,4s,4,1,5,3,397275
Jc,Qd,Qh,Jd,Kh,6d,4s,4,2,0,4,744404
Ts,Kc,Qh,Jd,Kh,6d,4s,4,1,5,2,397275
Jc,Qd,Qh,Jd,Kh,6d,4s,4,2,0,5,744404
Jc,Kh,2h,Qc,Th,9s,Kc,4,1,0,1,1485183
Js,Qh,2h,Qc,Th,9s,Kc,4,2,51,3,1485183
Jc,Kh,2h,Qc,Th,9s,Kc,4,1,0,4,1485183
Js,Qh,2h,Qc,Th,9s,Kc,4,2,51,2,1485183
2h,3d,Qh,5s,Qc,3s,8s,3,1,152,1,744295
7d,8c,Qh,5s,Qc,3s,8s,3,2,8311,1,744359
Th,4h,7d,2s,Ad,3h,5c,3,1,14,3,1485175
4c,Tc,7d,2s,Ad,3h,5c,3,2,2,4,1485175
Th,4h,7d,2s,Ad,3h,5c,3,1,14,4,1485175
4c,Tc,7d,2s,Ad,3h,5c,3,2,2,4,1485175
Th,4h,7d,2s,Ad,3h,5c,3,1,14,2,1485175
Ac,8s,Tc,Js,Kc,Qc,3s,3,2,363,3,1485184
Td,Qh,Tc,Js,Kc,Qc,3s,3,3,33,2,744391
7d,7h,Ks,8h,2s,2h,5h,3,1,51,3,743442
8s,Ts,Ks,8h,2s,2h,5h,3,2,4,2,743611
6c,Ts,6s,9d,Kd,3c,8h,3,1,53,1,382051
9h,Jd,6s,9d,Kd,3c,8h,3,2,3542,1,388654
9c,9d,9s,Qs,8c,3c,4s,3,2,120,3,1115198
Qc,Th,9s,Qs,8c,3c,4s,3,3,12,2,394712
Ah,Tc,9s,6h,As,8h,3s,3,2,72,1,399106
Ks,Td,9s,6h,As,8h,3s,3,3,23,1,368348
3s,As,Ad,6s,9h,8c,5d,3,1,20,1,398922
5c,8h,Ad,6s,9h,8c,5d,3,2,6,3,743651
3s,As,Ad,6s,9h,8c,5d,3,1,20,2,398922
Ah,Kd,Jc,Th,2c,4c,5c,3,2,11,1,368527
Js,Tc,Jc,Th,2c,4c,5c,3,3,357,1,2131623
Tc,Ah,8h,8s,7c,Kd,Ks,3,1,2728,1,744535
9c,Ad,8h,8s,7c,Kd,Ks,3,3,85,1,744535
Kh,9c,5c,6c,4d,8c,3s,2,1,767,1,330619
Jh,3c,5c,6c,4d,8c,3s,2,2,8184,1,375093
Tc,9s,2c,7h,Ks,8c,Qh,3,1,93,1,337590
Th,6h,2c,7h,Ks,8c,Qh,3,3,2723,1,337576
7c,Ad,As,6h,Qh,6d,3s,4,1,298,3,744676
3h,Kh,As,6h,Qh,6d,3s,4,3,27,2,743287
7c,Qs,Kd,7s,Qd,Jc,Kc,3,2,35,1,744584
4h,Kh,Kd,7s,Qd,Jc,Kc,3,3,8,3,1115877
7c,Qs,Kd,7s,Qd,Jc,Kc,3,2,35,2,744584
6h,5d,Ad,Jd,7h,9h,Kh,3,1,196,1,368516
5c,4c,Ad,Jd,7h,9h,Kh,3,2,7957,1,368516
Ah,7d,4c,6s,Jc,7h,Kc,2,1,10,1,384458
3s,Js,4c,6s,Jc,7h,Kc,2,2,46,1,392994
Qd,Ks,9s,Qc,6s,3c,8h,2,1,5,1,395219
4s,Ac,9s,Qc,6s,3c,8h,2,2,1,1,365967
9d,As,9h,Ts,8d,7d,Ac,2,1,1,3,744713
4s,6h,9h,Ts,8d,7d,Ac,2,2,17,2,1485180
Qs,4d,2d,4h,9c,4c,5s,2,1,2,3,1114354
4s,5d,2d,4h,9c,4c,5s,2,2,0,4,2227787
Qs,4d,2d,4h,9c,4c,5s,2,1,2,4,1114354
4s,5d,2d,4h,9c,4c,5s,2,2,0,2,2227787
4s,5d,2d,4h,9c,4c,5s,2,2,0,5,2227787
Qc,5h,2c,9c,5s,As,Qs,2,1,134,1,744327
Jc,2d,2c,9c,5s,As,Qs,2,2,30,1,373460
8c,3c,9c,4c,Ad,Tc,9d,3,1,9,3,2101373
Qc,Qs,9c,4c,Ad,Tc,9d,3,2,15,2,744379
2c,Js,Th,8h,3d,2h,Ts,3,1,621,1,743947
Ks,6c,Th,8h,3d,2h,Ts,3,2,146,1,390810
7s,Kh,Th,8h,3d,2h,Ts,3,3,401,1,390811
Js,Qh,Jd,5d,Kc,8c,Th,3,1,57,1,393063
6c,Ks,Jd,5d,Kc,8c,Th,3,2,88,1,397091
Qd,6d,5h,7s,4s,3d,3c,3,2,0,3,1485177
Kh,Ks,5h,7s,4s,3d,3c,3,3,2,2,744463
Ts,9s,Qs,7h,6h,4s,9d,3,1,8,1,388471
Qh,6c,Qs,7h,6h,4s,9d,3,2,11,3,744335
Ts,9s,Qs,7h,6h,4s,9d,3,1,8,2,388471
2s,9c,7h,5s,9h,2c,8s,3,1,50,1,743775
7s,Qc,7h,5s,9h,2c,8s,3,2,16,1,384065
4d,7d,7h,5s,9h,2c,8s,3,3,27,1,383542
Ts,Jc,Td,Kd,2c,9c,5h,3,1,13,1,390852
Ks,7h,Td,Kd,2c,9c,5h,3,2,26,1,396908
6s,2d,5s,Jh,Kh,7d,3d,3,1,642,1,334844
9s,Ah,5s,Jh,Kh,7d,3d,3,2,203,1,368516
4c,9c,5s,Jh,Kh,7d,3d,3,3,322,1,335195
6c,7d,4s,5d,2c,Qc,2d,3,1,42,1,373052
As,Jc,4s,5d,2c,Qc,2d,3,2,67,1,373460
Qd,Ah,8d,8c,2d,9c,8h,2,1,46,3,1115059
As,6s,8d,8c,2d,9c,8h,2,2,38,2,1115056
As,6d,5d,6h,7s,8h,4c,2,1,37,3,1485178
Th,Jd,5d,6h,7s,8h,4c,2,2,47,2,1485178
8h,Jd,5h,7h,5d,Ts,8d,2,1,135,1,743648
Qd,9d,5h,7h,5d,Ts,8d,2,2,110,1,379685
Ah,8h,As,4c,Th,6d,6h,2,1,15,3,744674
8d,Ad,As,4c,Th,6d,6h,2,2,12,2,744674
4h,Kd,7d,5s,Jd,3h,As,2,1,15,3,368488
Jh,6d,7d,5s,Jd,3h,As,2,2,12,2,393163
Kh,Jc,7d,9h,Qh,2c,3c,2,1,114,1,337758
4c,5d,7d,9h,Qh,2c,3c,2,2,131,3,301875
Kh,Jc,7d,9h,Qh,2c,3c,2,1,114,2,337758
8c,8d,4s,6s,6h,9s,6c,2,1,15,1,2227816
Jh,Qh,4s,6s,6h,9s,6c,2,2,13,1,1114694
4s,As,9c,9s,6h,6s,Ac,3,1,127,1,744709
Tc,4h,9c,9s,6h,6s,Ac,3,2,505,1,743833
Td,8c,9c,9s,6h,6s,Ac,3,3,663,1,743833
2h,Qc,Js,Qs,7h,8c,Ah,3,1,264,1,395414
8d,9c,Js,Qs,7h,8c,Ah,3,3,201,1,386642
Qh,Th,6c,Jc,4c,9s,2d,3,1,74,1,306830
Ts,Ah,6c,Jc,4c,9s,2d,3,2,288,1,363952
Qd,Jh,3d,Qs,5c,3s,4s,3,1,36,1,744298
5s,4d,3d,Qs,5c,3s,4s,3,3,27,1,743129
Ad,As,3c,Tc,Td,7d,5h,3,1,105,3,744723
5c,2s,3c,Tc,Td,7d,5h,3,2,139,2,743982
Qh,Qs,6c,As,5d,3d,3c,3,2,2,1,744301
9h,9d,6c,As,5d,3d,3c,3,3,9,1,743794
Td,Ac,Js,Ah,Qd,8s,4h,3,1,32,1,399472
Qc,9h,Js,Ah,Qd,8s,4h,3,3,23,1,395415
8s,9s,Qd,Jd,8h,Qh,4s,3,1,204,1,744363
9h,5c,Qd,Jd,8h,Qh,4s,3,2,625,1,394881
Ac,Kc,7h,3c,8c,9s,Kd,3,2,8,1,397585
9d,Qs,7h,3c,8c,9s,Kd,3,3,27,1,388667
Ac,7h,9c,Ks,Qc,Jd,As,2,1,50,1,399655
5d,Kd,9c,Ks,Qc,Jd,As,2,2,643,1,397627
Ah,4c,9s,Jd,9d,As,8s,2,1,99,1,744714
7h,Ad,9s,Jd,9d,As,8s,2,2,1251,1,744714
Ts,Qh,Qc,3s,Kh,Tc,7s,2,1,34,3,744391
As,7d,Qc,3s,Kh,Tc,7s,2,2,431,2,384459
Ad,2d,As,9c,4s,2c,Js,2,1,8,1,744623
5h,Ah,As,9c,4s,2c,Js,2,2,100,1,399272
9d,7c,Ah,Ac,4s,Jd,8d,2,1,678,1,399275
9s,2h,Ah,Ac,4s,Jd,8d,2,2,7874,1,399275
8d,Td,8c,Ad,4h,Qs,7h,2,1,111,1,386641
Qc,7s,8c,Ad,4h,Qs,7h,2,2,1238,3,744353
8d,Td,8c,Ad,4h,Qs,7h,2,1,111,2,386641
8d,Ks,Kc,Ts,Ac,Td,Jc,2,1,48,1,744561
Ad,2s,Kc,Ts,Ac,Td,Jc,2,2,4,1,744729
5d,9c,3c,8s,Th,4s,5s,2,1,769,1,379333
7d,3d,3c,8s,Th,4s,5s,2,2,7783,1,374925
Jh,Ah,5h,Jc,6c,Js,9d,2,1,0,3,1115563
7c,8h,5h,Jc,6c,Js,9d,2,2,5,4,1485179
Jh,Ah,5h,Jc,6c,Js,9d,2,1,0,2,1115563
7h,8h,Jc,2c,4c,Qc,Jd,2,1,3652,1,392839
Kh,3d,Jc,2c,4c,Qc,Jd,2,2,13,1,393057
9s,7d,7c,3c,Qs,6d,4d,2,1,13,1,384063
Ac,9d,7c,3c,Qs,6d,4d,2,2,3651,1,365954
Ks,Kd,8d,Kh,8c,Tc,3h,2,1,464,3,2227907
Ac,9h,8d,Kh,8c,Tc,3h,2,2,2,2,386654
4c,Ad,5d,8d,6h,8h,Js,2,1,30,1,386624
As,9d,5d,8d,6h,8h,Js,2,2,8522,1,386627
4d,Jc,Jh,Qd,Ad,Ks,Jd,2,1,6,3,1115567
9d,Kh,Jh,Qd,Ad,Ks,Jd,2,2,1344,2,744574
Tc,4h,9s,9d,6h,Ad,5h,2,1,51,1,388808
5s,2s,9s,9d,6h,Ad,5h,2,2,8500,1,743820
Kh,As,Tc,8s,Qc,8d,Jh,2,1,82,1,1485184
Jd,Ts,Tc,8s,Qc,8d,Jh,2,2,0,3,744221
Kh,As,Tc,8s,Qc,8d,Jh,2,1,82,2,1485184
Jd,Ts,Tc,8s,Qc,8d,Jh,2,2,0,5,744221
Jh,5c,4d,Qc,8h,Qh,Ad,2,1,100,1,395414
9s,5h,4d,Qc,8h,Qh,Ad,2,2,8552,1,395388
Ad,Kc,Qs,9h,2d,4c,9c,2,1,122,1,388853
7d,6c,Qs,9h,2d,4c,9c,2,2,52,1,388431
3c,9c,2s,Ks,5d,Kd,Kh,2,1,147,3,1115832
6d,9d,2s,Ks,5d,Kd,Kh,2,2,62,2,1115833
Ah,Qc,6s,Ac,Tc,5d,As,2,1,0,3,1116045
7s,Td,6s,Ac,Tc,5d,As,2,2,1,2,744723
Ah,Qc,6s,Ac,Tc,5d,As,2,1,0,5,1116045
9c,Ts,5c,4d,Kd,Qs,Qh,2,1,145,1,395233
9s,Tc,5c,4d,Kd,Qs,Qh,2,2,205,1,395233
Kd,2d,Td,6d,2h,Ks,Ah,2,1,1,3,744457
Kc,Tc,Td,6d,2h,Ks,Ah,2,2,0,2,744561
4c,Kc,5h,3s,As,7h,Tc,2,1,6,3,368319
2c,Ac,5h,3s,As,7h,Tc,2,2,12,2,399077
5h,Ah,2c,Kh,6d,4s,3c,3,1,226,1,1485176
Tc,9h,2c,Kh,6d,4s,3c,3,2,1067,1,332984
As,Ad,8s,Kh,Jh,8d,7h,3,1,1,3,744703
Js,Kd,8s,Kh,Jh,8d,7h,3,3,0,2,744568
Js,Kd,8s,Kh,Jh,8d,7h,3,3,0,5,744568
Kd,Jh,3s,Jd,6d,Ad,7h,2,1,18,1,393242
As,2c,3s,Jd,6d,Ad,7h,2,2,197,1,399247
8s,Td,9d,7h,2h,2d,Jd,2,1,22,3,1485181
6d,6h,9d,7h,2h,2d,Jd,2,2,2,2,743271
Qc,5c,Kh,Tc,8s,2d,2s,2,1,1259,1,373290
Jc,4d,Kh,Tc,8s,2d,2s,2,2,112,1,373277
5s,5c,Qh,As,Kc,2d,Kh,2,1,2,3,744496
8c,Ad,Qh,As,Kc,2d,Kh,2,2,23,2,744767
Kc,Kd,6c,6d,4c,Qs,2h,2,1,23,1,744507
Qh,Ks,6c,6d,4c,Qs,2h,2,2,1,3,744339
Kc,Kd,6c,6d,4c,Qs,2h,2,1,23,2,744507
As,3d,Kc,4d,8h,7c,8c,2,1,1315,1,386651
7h,Th,Kc,4d,8h,7c,8c,2,2,56,1,743676
Kh,Ah,Kd,5c,3d,9d,Ks,2,2,12,Q,1115901
Ts,Jh,Jc,Ah,Kc,2d,9s,2,1,209,1,393245
Qc,9d,Jc,Ah,Kc,2d,9s,2,2,1372,1,388853
Jh,9h,3d,Ad,Qh,8c,Ks,2,1,89,1,368713
Kc,Tc,3d,Ad,Qh,8c,Ks,2,2,588,1,397626
3c,Kd,Td,Ah,2h,7h,Kh,3,1,924,1,397597
Qs,4c,Td,Ah,2h,7h,Kh,3,2,8519,1,368698
9h,9s,Th,2c,Kc,2h,3d,3,1,308,1,743780
9d,Jd,Th,2c,Kc,2h,3d,3,3,457,1,373277
Ks,5h,9h,2c,Qh,8h,9s,3,1,145,1,388667
Ah,Jc,9h,2c,Qh,8h,9s,3,2,1345,1,388839
Ad,9d,4d,Ts,Ks,Ac,Qh,3,1,913,1,399654
Qd,5d,4d,Ts,Ks,Ac,Qh,3,3,98,1,395442
4d,6d,3c,9s,Tc,2h,As,3,2,7312,1,361545
8h,Kh,3c,9s,Tc,2h,As,3,3,1173,1,368348
Kh,Qs,4c,3d,9d,6c,9c,3,2,116,1,388665
As,8h,4c,3d,9d,6c,9c,3,3,1088,1,388782
4s,Ad,4d,9d,Jd,Jc,Jh,3,1,84,1,2227877
9s,Qd,4d,9d,Jd,Jc,Jh,3,2,787,1,2227882
Qd,Ad,Kd,As,4s,Th,2s,2,1,79,1,399654
Ts,Qc,Kd,As,4s,Th,2s,2,2,115,1,391050
Qs,Js,8h,6c,Ks,7h,5d,2,1,17,3,337745
Kd,4s,8h,6c,Ks,7h,5d,2,2,24,2,1485178
6h,Ks,9c,3h,9s,7d,2d,2,1,903,1,388600
4c,Qd,9c,3h,9s,7d,2d,2,2,1376,1,388429
8c,Ac,Jd,Qs,Tc,7h,Ah,2,1,49,1,399472
Ts,Js,Jd,Qs,Tc,7h,Ah,2,2,75,1,744223
Ts,Ac,Qd,Kh,Td,Qc,Th,2,1,25,3,2227872
Jh,9s,Qd,Kh,Td,Qc,Th,2,2,16,2,1485183
5c,Qh,Ts,8c,Js,9d,2h,2,1,47,3,1485182
7d,3h,Ts,8c,Js,9d,2h,2,2,77,2,1485181
Qd,Kd,8s,7d,Ts,Tc,8d,2,1,601,1,744027
Qc,9h,8s,7d,Ts,Tc,8d,2,2,375,1,744026
Qh,Th,Ac,7h,Kh,8d,Js,2,1,138,3,1485184
Qs,8s,Ac,7h,Kh,8d,Js,2,2,221,2,386656
Ac,3d,Qs,8c,4d,Ah,Ad,2,1,76,3,1116043
4c,Qc,Qs,8c,4d,Ah,Ad,2,2,47,2,744750
As,Kc,Ts,9c,Kd,Qc,4h,2,1,164,1,397626
7c,8h,Ts,9c,Kd,Qc,4h,2,2,262,1,337590
9c,9d,4d,8h,4c,5h,Ks,2,1,44,1,743806
Ah,Kc,4d,8h,4c,5h,Ks,2,2,27,3,744483
9c,9d,4d,8h,4c,5h,Ks,2,1,44,2,743806
As,7h,9c,7s,Tc,Qs,7c,2,1,12,1,1114890
Jh,8h,9c,7s,Tc,Qs,7c,2,2,19,3,1485182
As,7h,9c,7s,Tc,Qs,7c,2,1,12,4,1114890
Jh,8h,9c,7s,Tc,Qs,7c,2,2,19,2,1485182
Jd,8d,As,6s,2d,8s,Th,2,1,75,1,386628
3c,Ah,As,6s,2d,8s,Th,2,2,43,1,399091
Kh,8s,6d,Kc,4s,Qd,Qh,2,1,341,1,744581
3s,7c,6d,Kc,4s,Qd,Qh,2,2,590,1,395191
Qs,2h,As,7s,Qh,Jh,6c,2,1,217,1,395413
4s,2s,As,7s,Qh,Jh,6c,2,2,375,1,366292
6d,Jh,Qs,7c,8d,6h,Jd,2,1,126,1,744169
7s,8h,Qs,7c,8d,6h,Jd,2,2,217,1,743675
Qd,Kh,Tc,6c,2c,Jh,7s,2,1,216,1,337771
6h,Kc,Tc,6c,2c,Jh,7s,2,2,126,1,382065
Th,6h,Ah,8h,2h,9d,6d,2,1,44,1,2217839
8d,9s,Ah,8h,2h,9d,6d,2,2,74,1,743859
Jd,3h,Kd,9d,6d,6c,4d,2,1,129,1,2191646
5d,9s,Kd,9d,6d,6c,4d,2,2,214,1,2186732
Qs,6d,9d,4c,As,Td,9s,2,1,356,1,388838
7h,4s,9d,4c,As,Td,9s,2,2,575,1,743807
Ts,Ac,3h,8s,7c,Jh,Kd,2,1,214,1,368530
4d,Ah,3h,8s,7c,Jh,Kd,2,2,32,1,368503
Ks,Th,6c,2h,4d,4c,3h,2,1,32,1,377654
6d,Kc,6c,2h,4d,4c,3h,2,2,214,1,743299
Qc,8h,9h,9d,Ts,Qs,7c,3,1,31,1,744375
5h,Tc,9h,9d,Ts,Qs,7c,3,2,103,3,744039
Qc,8h,9h,9d,Ts,Qs,7c,3,1,31,2,744375
Ks,Jh,9s,9h,4s,3c,5c,3,2,60,1,388651
6c,6h,9s,9h,4s,3c,5c,3,3,125,1,743824
7d,Ks,6c,6s,7c,2c,3d,3,1,276,1,743494
Qs,9s,6c,6s,7c,2c,3d,3,2,587,1,381867
Td,Kd,5d,5h,2s,6c,4c,4,2,173,1,379851
7s,Qs,5d,5h,2s,6c,4c,4,3,541,1,379643
Ts,6c,Qd,9c,3s,Qc,2s,3,1,628,1,394710
Kh,Js,Qd,9c,3s,Qc,2s,3,2,1409,1,395246
7d,Jd,Kd,Th,Qc,2d,Ah,4,2,34,3,1485184
Kh,Ac,Kd,Th,Qc,2d,Ah,4,3,17,2,744767
Qs,6s,Qh,2s,5d,Js,Jd,4,1,36,1,744397
Qc,As,Qh,2s,5d,Js,Jd,4,2,34,3,744405
Qs,6s,Qh,2s,5d,Js,Jd,4,1,36,2,744397
Ts,8c,3s,4c,Th,Kc,9s,3,1,68,1,390825
5h,6d,3s,4c,Th,Kc,9s,3,3,71,1,332985
4c,Tc,Td,5h,Qh,Qc,Js,3,1,102,1,744389
7c,Ac,Td,5h,Qh,Qc,Js,3,3,104,1,395416
Ks,Qh,Ts,Kd,2d,3d,Js,3,2,9,3,397275
Jd,Ad,Ts,Kd,2d,3d,Js,3,3,20,4,2224898
Ks,Qh,Ts,Kd,2d,3d,Js,3,2,9,2,397275
7h,9c,3s,8s,9s,Kd,Qs,3,1,97,1,388667
3c,Ac,3s,8s,9s,Kd,Qs,3,2,226,1,375671
6h,2c,3h,Js,8c,6d,Ts,3,1,266,1,381712
4h,8d,3h,Js,8c,6d,Ts,3,2,611,1,386104
7d,3s,Ah,7s,3d,Kd,Th,3,1,40,1,743456
Qh,As,Ah,7s,3d,Kd,Th,3,3,43,1,399654
Kd,Th,5h,Qc,9s,Ah,Qh,3,1,280,1,395442
3s,2h,5h,Qc,9s,Ah,Qh,3,2,268,1,395385
6c,Qc,5s,2h,Qd,Jh,3c,3,1,133,1,394839
9h,8c,5s,2h,Qd,Jh,3c,3,3,140,1,306647
9s,9c,8s,Ts,2h,3h,5h,5,1,269,1,388105
Ah,2c,8s,Ts,2h,3h,5h,5,2,576,1,373431
Kc,Tc,7h,9d,4c,6c,Ad,5,4,140,1,368347
Ah,8c,7h,9d,4c,6c,Ad,5,5,298,1,398923
9h,Ts,2d,3s,9d,3d,7d,4,2,373,1,743790
5s,5c,2d,3s,9d,3d,7d,4,4,27,1,743113
Kh,Jc,5c,6s,8d,9h,Qs,5,1,8,1,337759
7d,Ad,5c,6s,8d,9h,Qs,5,3,108,1,1485179
Th,7c,9c,7s,9h,7h,8s,5,1,277,3,2227830
8c,Qd,9c,7s,9h,7h,8s,5,2,578,2,743857
Ah,4h,Tc,Kc,9h,5d,8c,5,1,31,1,368348
6h,8s,Tc,Kc,9h,5d,8c,5,5,485,1,386445
5h,Qh,6h,7h,Ts,8c,Th,6,1,338,1,2160551
Jd,Ah,6h,7h,Ts,8c,Th,6,2,19,1,391020
5d,As,6h,7h,Ts,8c,Th,6,3,150,1,390980
Jc,Kh,7h,Jh,Qd,Ks,5d,6,1,9,1,744572
Ac,Ah,7h,Jh,Qd,Ks,5d,6,4,3,3,399655
Jc,Kh,7h,Jh,Qd,Ks,5d,6,1,9,2,744572
Kc,Qs,5d,4h,4d,Ts,Jd,6,1,5131,1,377685
7h,As,5d,4h,4d,Ts,Jd,6,2,131,1,377840
3d,Qh,5d,4h,4d,Ts,Jd,6,5,410,1,377502
Kh,8h,5d,4h,4d,Ts,Jd,6,6,809,1,377671
Ad,Tc,Js,7d,Ah,5h,7s,6,3,6,1,744688
Ac,9d,Js,7d,Ah,5h,7s,6,6,618,1,744688
Qh,Qs,Ah,5h,2c,8d,Kd,6,1,1,1,395440
Ts,As,Ah,5h,2c,8d,Kd,6,6,20,1,399626
Js,Kc,3s,Qh,Jd,Ad,8s,7,1,397,1,393247
Ks,Jh,3s,Qh,Jd,Ad,8s,7,2,808,1,393247
7d,Kd,3s,Qh,Jd,Ad,8s,7,4,132,1,368712
Jc,Td,3s,Qh,Jd,Ad,8s,7,7,32,1,393232
8s,Kh,Qc,3s,Ts,6c,6h,7,1,504,1,382078
3d,8d,Qc,3s,Ts,6c,6h,7,2,1008,1,743285
7c,7h,Qc,3s,Ts,6c,6h,7,7,38,1,743493
8d,5d,4h,6d,7s,Kc,Qd,7,2,0,3,1485178
8s,5c,4h,6d,7s,Kc,Qd,7,6,0,4,1485178
8d,5d,4h,6d,7s,Kc,Qd,7,2,0,2,1485178
8s,5c,4h,6d,7s,Kc,Qd,7,6,0,5,1485178
8d,5d,4h,6d,7s,Kc,Qd,7,2,0,5,1485178
7c,Qc,Qs,Td,2h,7s,3d,6,2,609,1,744349
6s,9d,Qs,Td,2h,7s,3d,6,5,209,1,304438
Td,9s,3s,9c,Ah,4h,2c,6,1,34,3,388806
4c,8h,3s,9c,Ah,4h,2c,6,2,175,2,377812
2h,6d,6c,5c,4d,9s,2d,6,1,19,1,743269
Jh,Jc,6c,5c,4d,9s,2d,6,3,235,3,392304
2h,6d,6c,5c,4d,9s,2d,6,1,19,2,743269
9h,9d,4d,Th,4s,7s,Jh,5,2,38,3,743804
Td,3h,4d,Th,4s,7s,Jh,5,3,18,2,743973
3s,4d,Kh,Ah,Jh,Td,Ks,5,2,630,1,397613
4c,7c,Kh,Ah,Jh,Td,Ks,5,5,1145,1,397613
Ad,Ac,5c,2h,4h,Ks,Qh,6,1,2,1,399649
Jd,Jc,5c,2h,4h,Ks,Qh,6,5,38,1,393058
Ah,Qs,8h,6h,Kh,3d,Ac,6,5,30,1,399652
Kd,7h,8h,6h,Kh,3d,Ac,6,6,187,1,397571
3s,Qs,2s,9h,Ks,4c,Qd,6,1,101,1,395215
7s,Ts,2s,9h,Ks,4c,Qd,6,3,1206,1,337589
Td,9d,2s,9h,Ks,4c,Qd,6,6,17,1,388669
8s,Ts,2s,7c,Tc,7s,5h,6,1,218,1,744009
6c,Qc,2s,7c,Tc,7s,5h,6,4,3,1,384076
8h,8d,2s,7c,Tc,7s,5h,6,5,18,1,743673
3h,Kc,7h,5c,Qs,Ac,2h,6,2,1006,1,368657
Ah,6c,7h,5c,Qs,Ac,2h,6,4,469,1,399416
Jd,Th,7h,5c,Qs,Ac,2h,6,6,5641,1,366332
3c,3h,Tc,8d,3s,Qs,8c,6,2,3,3,2227777
9d,Qh,Tc,8d,3s,Qs,8c,6,6,7,2,744362
3s,8s,6h,8c,3c,2s,Tc,5,1,107,3,743621
6c,Kc,6h,8c,3c,2s,Tc,5,3,8,4,2189279
3s,8s,6h,8c,3c,2s,Tc,5,1,107,2,743621
9h,8c,9d,5c,2d,8s,Js,5,1,1052,1,743856
Jh,Qc,9d,5c,2d,8s,Js,5,2,82,1,392853
Tc,3c,9d,5c,2d,8s,Js,5,3,609,1,275889
9h,7s,Ah,Tc,7h,Kd,3d,5,2,75,1,384457
Qh,Th,Ah,Tc,7h,Kd,3d,5,5,129,1,391050
Ad,9c,Td,Jh,8c,7c,6h,5,2,19,3,1485181
Qc,9s,Td,Jh,8c,7c,6h,5,5,11,4,1485182
Ad,9c,Td,Jh,8c,7c,6h,5,2,19,2,1485181
9s,4d,3h,4s,Ts,5c,2h,6,2,939,1,377133
Qh,9c,3h,4s,Ts,5c,2h,6,4,561,1,304410
8h,7c,3h,4s,Ts,5c,2h,6,6,5642,1,242556
6h,4s,5c,9d,6c,4d,Ks,6,1,252,3,743299
Ts,Kh,5c,9d,6c,4d,Ks,6,2,403,2,396907
9c,5c,Qs,Qc,Ks,2s,Jh,6,2,7253,1,395246
7d,9h,Qs,Qc,Ks,2s,Jh,6,6,723,1,395246
Kh,7d,2s,Td,4h,Kc,6s,6,2,325,3,396881
3d,6d,2s,Td,4h,Kc,6s,6,4,194,2,382046
7d,7c,Ts,5d,3s,5h,5c,6,3,77,1,2227802
Td,9s,Ts,5d,3s,5h,5c,6,5,781,1,2227805
Td,Jh,Qh,As,Kc,4h,Ad,5,1,108,3,1485184
Ah,Th,Qh,As,Kc,4h,Ad,5,4,8,2,1116060
6c,5s,5c,Qd,7d,5h,4s,5,1,268,1,1114521
Tc,Qc,5c,Qd,7d,5h,4s,5,2,18,1,744323
Tc,2h,3s,6s,8d,Td,As,5,2,246,1,390979
Th,Qs,3s,6s,8d,Td,As,5,3,403,1,391033
Th,9h,Ts,9c,9s,3c,3s,5,3,16,1,2227857
Kc,Ad,Ts,9c,9s,3c,3s,5,4,18,1,743794
8s,Td,6c,7c,Qh,Kh,2d,7,2,61,1,337576
8h,Ah,6c,7c,Qh,Kh,2d,7,7,96,1,368672
Kd,Jc,2s,9s,5c,Jh,9c,7,1,104,1,744209
Ad,8h,2s,9s,5c,Jh,9c,7,6,167,1,388823
5s,5d,Kc,7h,7s,9c,Js,7,3,15,1,743481
5h,8h,Kc,7h,7s,9c,Js,7,4,137,1,384261
Td,Ad,Kc,7h,7s,9c,Js,7,7,207,1,384458
Qc,Js,6h,Qs,4h,Ac,Jc,7,1,17,3,744405
Qd,Ad,6h,Qs,4h,Ac,Jc,7,3,10,2,744753
5h,6h,6s,3c,6d,4d,8d,7,2,63,3,1114636
8c,As,6s,3c,6d,4d,8d,7,7,94,2,743664
3c,Ac,9s,Ah,6c,6s,Js,7,1,31,1,744675
Kh,Kc,9s,Ah,6c,6s,Js,7,4,2543,1,744509
6d,6c,2s,8c,Th,7c,9h,6,1,79,1,1485180
Qc,5s,2s,8c,Th,7c,9h,6,2,1037,1,304452
Ah,Qh,2s,8c,Th,7c,9h,6,6,534,1,366151
Ac,Kd,Qs,7s,5c,5s,Ad,6,5,224,1,744664
Qh,Kh,Qs,7s,5c,5s,Ad,6,6,33,1,744327
Ad,7s,Ks,Jh,Js,9s,Qs,6,1,6356,1,2194223
4d,Ts,Ks,Jh,Js,9s,Qs,6,2,93,1,2970355
9d,Td,6c,7s,4c,Jd,7d,6,1,164,1,383910
Kc,Ts,6c,7s,4c,Jd,7d,6,6,302,1,384262
Kc,7s,Qd,Th,5c,Kh,5s,4,2,250,1,744494
9c,Tc,Qd,Th,5c,Kh,5s,4,3,37,1,743988
8s,6s,Th,2d,2c,Ad,5s,4,1,123,1,373431
3s,Ks,Th,2d,2c,Ad,5s,4,2,1315,1,373472
3c,Kc,7c,Ah,5h,Ks,7d,5,4,17,1,744522
4h,2h,7c,Ah,5h,Ks,7d,5,5,15,1,384452
Kc,Ts,3d,8d,Td,8s,Jc,5,4,12,1,744027
Th,9s,3d,8d,Td,8s,Jc,5,5,133,1,744025
2s,2d,4h,6h,Ks,2h,6s,4,2,0,3,2227762
6d,6c,4h,6h,Ks,2h,6s,4,3,0,4,2599114
2s,2d,4h,6h,Ks,2h,6s,4,2,0,4,2227762
6d,6c,4h,6h,Ks,2h,6s,4,3,0,2,2599114
6d,6c,4h,6h,Ks,2h,6s,4,3,0,5,2599114
7d,Kc,2s,Td,Ks,Jc,8s,5,1,185,1,397091
7c,6c,2s,Td,Ks,Jc,8s,5,2,1392,1,335379
Jc,Jd,Jh,Tc,2s,7d,Kc,5,1,17,3,1115551
7s,Ts,Jh,Tc,2s,7d,Kc,5,5,2,2,744014
6d,5d,9s,8d,7h,Js,3c,5,3,0,3,1485179
Qc,Qs,9s,8d,7h,Js,3c,5,4,4,2,394881
4c,4s,Jh,2c,5d,5h,7s,5,2,396,1,743128
Js,6s,Jh,2c,5d,5h,7s,5,4,38,1,744151
2c,6h,8s,5h,4c,4s,Ks,5,2,6,1,377628
Ac,Qc,8s,5h,4c,4s,Ks,5,3,18,1,377868
7s,Ad,8s,5h,4c,4s,Ks,5,5,16,1,377864
Td,Qs,4c,Ad,Kd,5c,9h,5,2,182,1,368700
Qc,5s,4c,Ad,Kd,5c,9h,5,5,5,1,380065
As,Kh,Qc,Ad,7d,2c,Td,5,1,52,1,399654
5d,Ac,Qc,Ad,7d,2c,Td,5,4,1,1,399456
3c,Ac,Js,Ah,4s,5d,Qh,5,3,1,3,399467
Jh,Qs,Js,Ah,4s,5d,Qh,5,5,45,2,744405
Ks,8h,3h,4h,Js,Tc,Jc,5,1,5,1,393035
6s,Kc,3h,4h,Js,Tc,Jc,5,5,431,1,393033
Qc,6c,6s,5d,9d,Th,5s,5,2,4,1,743311
Jc,7c,6s,5d,9d,Th,5s,5,3,30,1,379516
Js,Kh,Jh,Tc,3c,5c,Kc,5,2,16,1,744570
Kd,7d,Jh,Tc,3c,5c,Kc,5,5,164,1,397090
Kd,5d,3s,Ks,4c,Jh,7s,5,2,185,1,397049
Ad,9c,3s,Ks,4c,Jh,7s,5,4,164,1,368516
Td,9h,6s,7h,7c,5d,4c,5,2,57,1,383725
Qs,9s,6s,7h,7c,5d,4c,5,4,10,1,384063
4d,5d,2d,2c,Ad,Js,Jc,4,1,1,1,744119
Ac,Ts,2d,2c,Ad,Js,Jc,4,2,8,3,744739
4d,5d,2d,2c,Ad,Js,Jc,4,1,1,2,744119
Qh,Js,9c,Kh,2s,8s,8h,4,1,17,1,386473
5s,5h,9c,Kh,2s,8s,8h,4,3,17,1,743650
9h,Jh,As,2d,3d,4h,9d,4,1,1089,1,388819
Th,8h,As,2d,3d,4h,9d,4,2,109,1,361571
7h,6d,As,2d,3d,4h,9d,4,3,13,1,359010
Ts,3h,Jc,Ks,3s,Kh,Tc,4,2,7,1,744558
5s,5h,Jc,Ks,3s,Kh,Tc,4,3,55,1,744493
Kc,3c,4c,As,7h,Jd,3d,2,1,229,1,375670
Qs,4s,4c,As,7h,Jd,3d,2,2,3,1,377854
9d,Ks,5s,4h,4s,Qs,3s,2,1,79,3,2193140
6c,Js,5s,4h,4s,Qs,3s,2,2,1,2,2162382
7d,6s,Ac,3c,Kc,Td,6c,2,1,14,1,382260
6h,3h,Ac,3c,Kc,Td,6c,2,2,1459,1,743287
5s,7s,2h,7h,Kh,Jd,Ac,2,1,3,1,384458
2d,5h,2h,7h,Kh,Jd,Ac,2,2,627,1,373473
2h,Ad,Th,Js,Qd,7h,Jh,2,1,2,1,393232
Tc,Ks,Th,Js,Qd,7h,Jh,2,2,230,1,744222
7c,Jd,6s,6h,8s,4s,Th,2,1,3,1,381712
9h,Tc,6s,6h,8s,4s,Th,2,2,627,1,743997
Qc,9d,Kc,9h,3c,4d,Td,2,1,231,1,388669
Qd,Ac,Kc,9h,3c,4d,Td,2,2,0,1,368700
Ah,7s,Ac,8h,2d,5h,Qh,2,1,239,Q,399430
Qc,6c,Ts,Js,8s,8h,4d,2,1,8470,1,386290
Kc,7s,Ts,Js,8s,8h,4d,2,2,242,1,386459
Td,Ac,Tc,6s,9d,4h,Kd,2,1,13,1,391047
Qs,Ad,Tc,6s,9d,4h,Kd,2,2,461,1,368700
Js,Ks,8c,7h,5s,8d,6s,2,1,107,1,386456
Kc,Td,8c,7h,5s,8d,6s,2,2,3626,1,386443
2c,Qc,Tc,8c,Td,Jh,4s,2,1,13,1,390682
Jc,Kc,Tc,8c,Td,Jh,4s,2,2,461,1,744222
As,5c,2s,4c,9c,Jd,3s,2,1,13,3,1485175
7d,7h,2s,4c,9c,Jd,3s,2,2,462,2,383892
8d,8h,3c,5s,8s,4s,9c,2,1,50,1,1114987
Js,Jc,3c,5s,8s,4s,9c,2,2,1,3,392330
8d,8h,3c,5s,8s,4s,9c,2,1,50,2,1114987
Th,Ks,4d,4h,6c,2d,3d,2,1,165,1,377654
8d,Kh,4d,4h,6c,2d,3d,2,2,8546,1,377628
8d,Td,5s,Js,2d,6d,Ts,2,1,71,1,390472
Th,9c,5s,Js,2d,6d,Ts,2,2,3662,3,390485
8d,Td,5s,Js,2d,6d,Ts,2,1,71,2,390472
8s,9s,8d,Th,4h,Js,Qc,2,1,2,1,1485182
9c,Ks,8d,Th,4h,Js,Qc,2,2,128,3,1485183
8s,9s,8d,Th,4h,Js,Qc,2,1,2,2,1485182
Qc,9s,8d,Kh,8h,Ks,5c,2,1,3677,1,744533
9d,Qd,8d,Kh,8h,Ks,5c,2,2,55,1,744533
Qh,Kd,7h,Tc,9c,3h,Ts,2,1,598,1,390865
8d,9d,7h,Tc,9c,3h,Ts,2,2,8,1,744035
Kd,Th,Js,9h,8h,Qd,Td,4,2,162,3,1485183
Ts,Kc,Js,9h,8h,Qd,Td,4,4,1,4,1485183
Kd,Th,Js,9h,8h,Qd,Td,4,2,162,2,1485183
Ks,4s,9h,Qc,Ad,Ac,5c,4,1,6433,1,399653
2h,7s,9h,Qc,Ad,Ac,5c,4,2,137,1,399443
5h,8h,9h,Qc,Ad,Ac,5c,4,3,75,1,744663
Kh,Qd,Tc,5s,9d,7s,Kc,5,3,29,1,397261
Ah,Qh,Tc,5s,9d,7s,Kc,5,4,668,1,368700
Ad,Jh,Tc,5s,9d,7s,Kc,5,5,13,1,368531
Ad,2s,8s,Td,8c,Kd,9c,6,2,5712,1,386654
4d,4c,8s,Td,8c,Kd,9c,6,3,120,1,743637
Qd,9h,8s,Td,8c,Kd,9c,6,6,256,1,743858
5h,Qh,Qc,Jc,6c,8s,7d,6,3,5,3,394867
Js,6s,Qc,Jc,6c,8s,7d,6,5,18,2,744169
9s,Qs,4d,Kd,8s,Ad,8d,6,2,264,1,386656
Ts,Tc,4d,Kd,8s,Ad,8d,6,3,89,1,744028
7d,7c,4d,Kd,8s,Ad,8d,6,4,5711,1,2224445
Qd,Qs,3h,Kh,9h,Ah,6c,7,1,15,3,395441
Jc,Th,3h,Kh,9h,Ah,6c,7,7,10,2,2224808
6h,As,7d,5s,4s,Tc,Ah,7,1,3,1,399078
3s,2s,7d,5s,4s,Tc,Ah,7,2,1,1,1485175
4h,4d,7d,5s,4s,Tc,Ah,7,5,2,3,1114381
6h,As,7d,5s,4s,Tc,Ah,7,1,3,2,399078
3s,2s,7d,5s,4s,Tc,Ah,7,2,1,2,1485175
6d,4h,4c,3h,8s,2d,Qc,7,2,36,1,377459
Kc,As,4c,3h,8s,2d,Qc,7,7,73,1,368669
Jh,Kd,Ts,Qh,5c,Js,2d,7,1,8,1,393063
Qd,Th,Ts,Qh,5c,Js,2d,7,4,6,3,744389
9d,8c,Ts,Qh,5c,Js,2d,7,7,5,2,1485182
Jh,Kd,Ts,Qh,5c,Js,2d,7,1,8,2,393063
6s,5s,4h,3s,8d,7d,Jh,7,1,79,3,1485178
4c,4d,4h,3s,8d,7d,Jh,7,7,1,2,1114340
Kh,As,3d,2d,Ah,2c,5d,5,1,2,1,744625
Ts,Tc,3d,2d,Ah,2c,5d,5,2,2,1,743950
4c,Ah,6s,Qh,Qc,2h,4d,3,1,117,3,744314
5s,4h,6s,Qh,Qc,2h,4d,3,2,53,2,744306
9d,5h,Qd,Ah,3c,9h,6c,3,2,151,1,388834
Qc,2c,Qd,Ah,3c,9h,6c,3,3,91,1,395386
4d,Ad,Jd,Th,7d,3c,2s,4,3,48,1,363924
5d,5c,Jd,Th,7d,3c,2s,4,4,21,1,379514
As,8c,Jd,4c,8h,3c,2h,4,1,4,3,386622
5h,Ah,Jd,4c,8h,3c,2h,4,2,17,4,1485175
As,8c,Jd,4c,8h,3c,2h,4,1,4,2,386622
3h,7s,2h,Ks,Kh,6s,Ac,4,1,300,1,397557
Ts,7c,2h,Ks,Kh,6s,Ac,4,2,133,1,397597
4c,Jh,2h,Ks,Kh,6s,Ac,4,4,71,1,397609
9h,Js,Ah,2d,3c,2c,Kc,5,1,106,1,373473
Qd,Jh,Ah,2d,3c,2c,Kc,5,2,884,1,373474
8c,Jd,Ah,2d,3c,2c,Kc,5,3,57,1,373473
Kd,Qh,Ah,2d,3c,2c,Kc,5,5,240,1,744457
9h,Ts,Ks,Qh,8h,Th,Ac,5,2,31,1,391050
Kc,2c,Ks,Qh,8h,Th,Ac,5,4,133,1,397626
4d,7d,9s,Qs,Ac,6d,3c,5,1,1469,1,365954
8h,9c,9s,Qs,Ac,6d,3c,5,2,100,1,388836
9h,Ts,5d,7d,7s,7c,8c,5,1,100,1,1114835
6c,8h,5d,7d,7s,7c,8c,5,2,133,1,2227829
As,Jh,Kc,3d,9d,2s,Qh,6,4,15,1,368713
8s,Ks,Kc,3d,9d,2s,Qh,6,5,17,1,397247
5c,8c,4s,6c,7c,9d,Th,6,1,5,3,1485180
Tc,Td,4s,6c,7c,9d,Th,6,3,2,2,1115327
8s,Ts,4s,6c,7c,9d,Th,6,6,1,2,1485180
9c,Kd,5c,3c,Ad,9d,9s,6,1,3,1,1115229
Qh,9h,5c,3c,Ad,9d,9s,6,6,5,3,1115228
9c,Kd,5c,3c,Ad,9d,9s,6,1,3,4,1115229
Qh,9h,5c,3c,Ad,9d,9s,6,6,5,2,1115228
6s,Js,4c,3h,Jd,6c,Td,6,3,1,3,744167
As,Jh,4c,3h,Jd,6c,Td,6,6,1,2,393202
5s,Jc,2d,Jh,Js,2h,2s,6,2,3,3,2227875
Jd,6d,2d,Jh,Js,2h,2s,6,4,11,4,2227875
5s,Jc,2d,Jh,Js,2h,2s,6,2,3,2,2227875
Ac,Jh,9d,2c,Qc,8s,7s,7,1,5,1,366320
Kd,Js,9d,2c,Qc,8s,7s,7,3,16,1,337759
9c,Kc,9d,2c,Qc,8s,7s,7,6,5,1,388667
Ah,Ad,6s,3s,4c,5h,8d,8,1,2,1,398726
9s,2s,6s,3s,4c,5h,8d,8,8,2,1,1485176
Ad,8h,Tc,Qs,4h,Th,Js,8,2,25,1,391036
6h,6c,Tc,Qs,4h,Th,Js,8,6,48,1,744000
Kh,Ks,4c,3d,6d,Qc,7h,9,3,1,1,397219
4s,3s,4c,3d,6d,Qc,7h,9,9,1,1,742947
Ah,As,Js,2c,9c,7s,8d,11,1,0,1,399275
Ac,Jh,Js,2c,9c,7s,8d,11,6,0,1,393191
Th,6c,Qc,As,9d,Jd,Qs,9,1,50,1,395416
4s,4h,Qc,As,9d,Jd,Qs,9,2,34,1,744314
8s,Ks,Kd,Js,3c,Ad,9c,9,2,9,1,397612
Jh,3d,Kd,Js,3c,Ad,9c,9,9,7,1,744132
7d,7s,5h,3h,8h,6d,Qs,8,3,240,1,384050
Jh,Ad,5h,3h,8h,6d,Qs,8,7,4,1,366305
Ks,As,9h,Js,Tc,Qc,2s,8,7,1,3,1485184
8c,8s,9h,Js,Tc,Qc,2s,8,8,2,2,1485182
Js,5h,Ac,Qh,7s,6h,2h,7,2,94,1,366292
Jd,8s,Ac,Qh,7s,6h,2h,7,3,107,1,366306
Qs,Jh,Ac,Qh,7s,6h,2h,7,4,114,1,395413
Qs,Qd,4h,3c,5c,7h,8c,7,5,2,1,394345
Ad,2d,4h,3c,5c,7h,8c,7,6,2,1,1485175
8s,Kh,2s,3d,Jc,2h,4s,7,2,858,1,373275
Th,Kd,2s,3d,Jc,2h,4s,7,5,94,1,373277
6h,Qs,2s,3d,Jc,2h,4s,7,6,107,1,373104
2c,5c,7h,6d,Js,6h,Ah,6,1,132,1,382231
8c,4h,7h,6d,Js,6h,Ah,6,2,107,1,382232
Ad,9c,7h,6d,Js,6h,Ah,6,4,115,1,744675
Ah,As,Qh,4d,2s,7h,8d,6,1,2,1,399430
Jh,Qs,Qh,4d,2s,7h,8d,6,4,20,3,394867
Ah,As,Qh,4d,2s,7h,8d,6,1,2,2,399430
3c,3h,6h,Jc,4c,7s,Ts,6,1,20,1,375120
Ac,5h,6h,Jc,4c,7s,Ts,6,6,21,1,363926
Qd,Js,3s,Kd,9c,6d,Jc,7,4,19,1,393062
As,8c,3s,Kd,9c,6d,Jc,7,7,20,1,368517
Qd,8c,7c,Qc,8s,Th,6c,7,1,13,1,744362
Qh,Jc,7c,Qc,8s,Th,6c,7,4,13,1,394894
7d,4h,4s,3h,7c,4d,Ad,6,2,20,3,2227789
2s,2h,4s,3h,7c,4d,Ad,6,4,21,2,742936
9d,8d,2d,4s,Qd,5d,Kh,5,1,316,3,2158507
5c,4c,2d,4s,Qd,5d,Kh,5,5,5,2,743130
Qs,Jd,7d,6d,Qc,3h,7h,4,1,6,1,744350
6c,Jc,7d,6d,Qc,3h,7h,4,2,9,1,743493
Qh,Qd,8c,2c,Ts,7s,9h,4,1,190,1,394712
Ah,Tc,8c,2c,Ts,7s,9h,4,3,3,1,390994
Kc,5d,Kh,8c,9d,6d,6s,4,2,17,1,744504
9s,3s,Kh,8c,9d,6d,6s,4,3,15,1,743832
5d,5h,4s,Ts,6c,Td,9h,4,2,93,1,743984
6s,Qs,4s,Ts,6c,Td,9h,4,4,17,1,744000
2h,6d,Th,8c,9c,6c,Ac,3,2,121,1,382220
4s,5s,Th,8c,9c,6c,Ac,3,3,104,1,361573
Ah,Td,9c,Ks,6s,5c,4c,4,3,11,1,368346
7c,7s,9c,Ks,6s,5c,4c,4,4,14,1,384232
Kd,7s,9c,4h,7d,Ad,Td,4,1,15,1,384457
7h,6s,9c,4h,7d,Ad,Td,4,2,839,1,384417
Ks,9d,9c,4h,7d,Ad,Td,4,4,11,1,388851
3d,6h,Jh,8h,2c,2s,5c,4,2,124,1,372896
3h,As,Jh,8h,2c,2s,5c,4,4,137,1,373444
Jh,6s,Jd,8d,As,2h,2d,4,1,6,3,744119
Jc,3c,Jd,8d,As,2h,2d,4,2,8,2,744119
3h,Qd,4h,Jh,4c,Th,5c,4,1,159,1,377502
Qc,9h,4h,Jh,4c,Th,5c,4,2,8674,1,377502
Ac,9c,9h,3h,5h,6c,9d,4,3,0,3,1115222
2h,8h,9h,3h,5h,6c,9d,4,4,0,2,2070094
Ac,9c,9h,3h,5h,6c,9d,4,3,0,5,1115222
Ad,5h,3s,5s,2h,7s,3c,3,1,15,1,743118
Tc,Th,3s,5s,2h,7s,3c,3,2,473,3,743956
Ad,5h,3s,5s,2h,7s,3c,3,1,15,2,743118
Tc,2s,6h,7h,Qh,4s,7s,3,2,49,3,384076
2c,Ac,6h,7h,Qh,4s,7s,3,3,96,2,384440
9c,As,Js,8h,4c,Jc,Ah,3,2,12,3,744738
8s,Ad,Js,8h,4c,Jc,Ah,3,3,410,2,744737
Jc,7c,Js,Tc,As,8h,3d,3,2,36,1,393204
Kc,Jh,Js,Tc,As,8h,3d,3,3,1108,1,393245
Jc,4h,Ac,4d,9s,3c,Ts,3,2,49,1,377840
2h,9h,Ac,4d,9s,3c,Ts,3,3,99,1,388806
8s,Kd,7d,Kc,Th,6h,2h,3,2,15,1,396895
7s,Ad,7d,Kc,Th,6h,2h,3,3,31,1,384457
9h,8s,3d,6h,3c,5c,7s,2,1,123,1,1485179
6s,5s,3d,6h,3c,5c,7s,2,2,3715,1,743306
Ac,8s,7s,4d,2d,Js,As,2,1,22,1,399261
Td,Ah,7s,4d,2d,Js,As,2,2,46,1,399287
Jh,Kd,Qh,Th,Jc,6c,9h,2,1,7,1,1485183
Ac,6h,Qh,Th,Jc,6c,9h,2,2,16,1,382248
6s,6c,6d,9c,2s,Jh,Qs,2,1,2,3,1114694
Kh,Qc,6d,9c,2s,Jh,Qs,2,2,5,2,395246
Ah,Ac,Qd,5d,9c,Jd,9h,2,1,5,3,744715
7d,Kd,Qd,5d,9c,Jd,9h,2,2,3,4,2194195
Ah,Ac,Qd,5d,9c,Jd,9h,2,1,5,2,744715
Ah,6c,2h,Kh,Jc,Qd,3d,2,1,36,1,368710
Ad,Jh,2h,Kh,Jc,Qd,3d,2,2,32,1,393247
2c,3c,Kc,Ah,5h,Td,Jh,2,1,36,1,368527
As,7h,Kc,Ah,5h,Td,Jh,2,2,32,1,399641
Qh,9d,8c,Js,2h,Ad,4d,2,1,99,1,366320
2s,9h,8c,Js,2h,Ad,4d,2,2,88,1,373445
6c,Kd,2c,8h,7c,9d,Kc,2,1,21,3,396726
3c,4c,2c,8h,7c,9d,Kc,2,2,20,4,2181972
6c,Kd,2c,8h,7c,9d,Kc,2,1,21,2,396726
5h,Jh,2d,9h,4c,4d,8h,2,1,215,1,377305
5d,Js,2d,9h,4c,4d,8h,2,2,221,1,377305
6h,9h,Kh,7h,9d,Js,5d,2,1,43,3,388653
4s,9c,Kh,7h,9d,Js,5d,2,2,44,2,388653
Th,4d,Jc,Ah,7h,Qh,Kc,2,1,88,1,1485184
Qd,3s,Jc,Ah,7h,Qh,Kc,2,2,98,1,395443
8d,Kh,2c,Qs,6c,6h,Ac,3,1,208,1,382262
7c,9h,2c,Qs,6c,6h,Ac,3,2,8669,1,382246
Jc,9d,4h,4d,Td,Th,3d,3,2,196,1,743973
7s,Kc,4h,4d,Td,Th,3d,3,3,178,1,743975
Qd,Ac,9c,5c,2d,Ts,7d,3,1,317,1,366150
7c,Kc,9c,5c,2d,Ts,7d,3,3,7,1,384248
3h,Ad,6s,5c,3s,Js,Kd,3,1,35,1,375670
9h,8c,6s,5c,3s,Js,Kd,3,2,1366,1,335209
9c,Ad,5h,7c,9h,8h,Kc,3,1,13,1,388849
Tc,7d,5h,7c,9h,8h,Kc,3,2,13,1,384248
3s,7c,6c,3h,Qh,6s,Tc,3,2,30,1,743285
8h,4h,6c,3h,Qh,6s,Tc,3,3,27,1,381881
Ad,Ac,5c,Td,3h,5h,9d,3,1,89,3,744661
9s,6c,5c,Td,3h,5h,9d,3,2,3709,2,743816
6h,Qh,Ts,2d,6s,Qs,Kd,3,2,31,1,744339
Ac,Kh,Ts,2d,6s,Qs,Kd,3,3,26,1,397626
6c,6s,3h,3c,Kc,5c,5d,3,1,927,1,743312
4s,Js,3h,3c,Kc,5c,5d,3,3,21,1,743117
Qs,Kd,Tc,Jd,2c,7c,Kh,3,1,9,1,397275
Jh,4s,Tc,Jd,2c,7c,Kh,3,2,7,1,393034
5h,2d,Kd,4c,Kc,7d,4h,3,2,65,1,744476
8s,Jh,Kd,4c,Kc,7d,4h,3,3,3052,1,744480
Kh,7s,3c,Qh,Qc,As,2h,3,1,184,1,395439
8s,Js,3c,Qh,Qc,As,2h,3,2,8649,1,395414
Qc,6d,3s,5h,4c,Qs,7d,3,2,2,3,1485177
9s,9d,3s,5h,4c,Qs,7d,3,3,115,2,388430
6c,Qh,9h,4h,2s,7s,As,3,1,224,1,365954
5s,2c,9h,4h,2s,7s,As,3,2,8614,1,373417
Tc,Jh,5d,9d,Ts,8d,Ks,4,1,4,1,390852
Qc,As,5d,9d,Ts,8d,Ks,4,2,4,1,368700
Ts,Js,Qd,Kc,Jh,Ad,4s,5,1,20,1,1485184
Ah,3h,Qd,Kc,Jh,Ad,4s,5,4,19,1,399655
9s,8s,Jc,Jh,2h,2d,6s,7,2,11,1,744114
2s,3d,Jc,Jh,2h,2d,6s,7,7,12,1,2227767
7c,6h,8d,3d,Jh,9c,Qs,9,3,16,1,306649
9h,2c,8d,3d,Jh,9c,Qs,9,8,15,1,388485
7c,Kc,Ad,9s,Ac,6c,Jd,9,3,44,1,399640
Kd,5d,Ad,9s,Ac,6c,Jd,9,4,28,1,399640
Qc,Tc,Ts,Kd,As,7c,Th,10,2,46,1,1115398
Qs,7s,Ts,Kd,As,7c,Th,10,6,75,1,744015
Jd,Qs,As,Kh,8h,Ts,8d,9,8,49,3,1485184
6c,Ad,As,Kh,8h,Ts,8d,9,9,12,2,744703
Qh,2d,6c,Ah,4h,Ad,Ts,8,1,151,1,399455
3d,2h,6c,Ah,4h,Ad,Ts,8,2,6450,1,399063
Qd,3c,6c,Ah,4h,Ad,Ts,8,4,144,1,399455
Qs,Kc,7h,6s,Ks,8c,Qc,5,2,11,3,744581
2s,Ad,7h,6s,Ks,8c,Qc,5,4,8,2,368672
8h,6c,7s,8s,7h,3h,8c,5,1,1,3,2227841
7c,7d,7s,8s,7h,3h,8c,5,3,7,4,2599122
8h,6c,7s,8s,7h,3h,8c,5,1,1,2,2227841
Jd,6h,3c,9h,7c,As,2d,6,1,68,1,363757
3d,Ks,3c,9h,7c,As,2d,6,2,6449,1,375668
5c,Jc,3c,9h,7c,As,2d,6,4,145,1,363756
9s,Td,5c,Jc,8c,Tc,9d,6,1,89,1,744038
5s,2c,5c,Jc,8c,Tc,9d,6,5,26,1,2132143
9d,9c,9s,5h,8h,5s,4c,6,4,0,1,2227852
8s,8d,9s,5h,8h,5s,4c,6,6,18,3,2227839
9d,9c,9s,5h,8h,5s,4c,6,4,0,4,2227852
8s,8d,9s,5h,8h,5s,4c,6,6,18,4,2227839
9d,9c,9s,5h,8h,5s,4c,6,4,0,2,2227852
9d,9c,9s,5h,8h,5s,4c,6,4,0,5,2227852
Qd,Jc,9c,Jd,Th,Ks,Qc,6,3,91,1,1485183
Qh,6h,9c,Jd,Th,Ks,Qc,6,6,99,1,1485183
Ad,Ac,Qh,8c,4c,Ks,6h,7,4,6,1,399652
5c,4s,Qh,8c,4c,Ks,6h,7,5,2,1,377682
Ac,Kd,Qh,3d,2c,4s,6d,7,6,22,1,368643
Kc,Qc,Qh,3d,2c,4s,6d,7,7,9,1,395176
Ac,Js,9c,6c,Qs,Jd,Ts,7,4,10,3,393232
8s,7s,9c,6c,Qs,Jd,Ts,7,5,69,2,1485182
Kc,Qh,6d,2s,Qd,4s,9c,7,1,415,3,395217
9s,7s,6d,2s,Qd,4s,9c,7,7,4,2,388431
8d,2h,8c,2s,Td,5s,6s,7,2,4,3,743608
Ac,Tc,8c,2s,Td,5s,6s,7,3,28,2,390979
8d,Ad,Kh,Jd,Jh,3c,Jc,7,1,810,1,1115567
Qd,7d,Kh,Jd,Jh,3c,Jc,7,2,196,1,1115553
Kd,7d,9d,Jd,Qh,9h,6h,5,1,3,3,388670
Ad,Qs,9d,Jd,Qh,9h,6h,5,2,309,2,744379
6d,4s,7c,Kc,5s,6s,Kd,6,1,6,1,744502
Ac,9c,7c,Kc,5s,6s,Kd,6,6,18,1,397584
8h,4s,8s,5c,6h,3c,6c,6,1,11,1,743655
Ac,8c,8s,5c,6h,3c,6c,6,6,27,3,2213095
8h,4s,8s,5c,6h,3c,6c,6,1,11,2,743655
Td,Ts,6s,9h,7h,Qs,8s,9,6,6,1,1485180
Jh,5h,6s,9h,7h,Qs,8s,9,7,2,3,1485179
Td,Ts,6s,9h,7h,Qs,8s,9,6,6,2,1485180
Th,Qs,Qh,3c,6h,4h,8s,7,1,66,1,394697
Kh,Td,Qh,3c,6h,4h,8s,7,5,38,1,337575
Js,9d,Qh,Kc,3d,Kd,6c,6,1,1100,1,397274
8s,9c,Qh,Kc,3d,Kd,6c,6,2,130,1,397247
Ah,7h,Qh,Kc,3d,Kd,6c,6,5,6353,1,397623
3h,Jd,9h,Jh,7c,8c,4d,6,1,27,1,392332
Js,4h,9h,Jh,7c,8c,4d,6,2,45,1,744140
Jd,Th,As,Ks,Jh,5h,Kd,5,1,26,1,744574
9s,Qh,As,Ks,Jh,5h,Kd,5,4,56,1,397627
Jc,9c,7h,2s,8s,5c,Qs,6,3,2,3,306649
9d,9h,7h,2s,8s,5c,Qs,6,4,247,2,388445
7d,9s,5s,8h,8s,4h,Kc,5,2,158,1,386430
4s,3c,5s,8h,8s,4h,Kc,5,4,62,1,743637
7h,7s,3d,8s,2d,Qc,4h,5,1,310,1,384048
5d,6s,3d,8s,2d,Qc,4h,5,5,2,3,1485176
7h,7s,3d,8s,2d,Qc,4h,5,1,310,2,384048
4d,6h,3d,2h,Ad,5d,3c,5,2,10,1,1485176
2c,4c,3d,2h,Ad,5d,3c,5,3,2,3,1485175
4d,6h,3d,2h,Ad,5d,3c,5,2,10,2,1485176
8d,3d,4h,7s,5s,8s,6c,5,1,72,1,1485178
7c,As,4h,7s,5s,8s,6c,5,5,5,1,1485178
Jd,Td,5d,8s,Kd,Qd,3c,5,1,67,3,2194234
4h,Ks,5d,8s,Kd,Qd,3c,5,4,2,2,397231
3h,Kh,5d,8s,Kd,Qd,3c,5,5,41,2,744468
Ts,Jc,Ks,7s,9s,3s,4s,5,4,8,1,2189462
As,Jh,Ks,7s,9s,3s,4s,5,5,13,3,2224614
Ts,Jc,Ks,7s,9s,3s,4s,5,4,8,2,2189462
6s,7c,5s,7s,6h,Js,4h,5,2,125,1,743492
Tc,9s,5s,7s,6h,Js,4h,5,5,3,1,275877
7h,2c,Ac,Ad,As,Jh,9s,5,2,33,1,1116031
6d,5h,Ac,Ad,As,Jh,9s,5,5,163,1,1116031
9c,6c,Td,Js,7h,2d,6d,5,1,16,1,381713
4h,6h,Td,Js,7h,2d,6d,5,2,359,1,381711
4s,Tc,7h,7s,Td,3h,Qh,6,1,114,1,744013
9c,Jc,7h,7s,Td,3h,Qh,6,5,7,1,384093
8h,Kh,Js,Td,9d,Kc,5c,6,1,273,1,397092
Ts,7s,Js,Td,9d,Kc,5c,6,2,30,1,390852
8c,2s,Js,Td,9d,Kc,5c,6,6,162,1,335393
5d,Ad,8s,4c,7c,8c,Tc,6,4,239,1,386612
9h,Ah,8s,4c,7c,8c,Tc,6,5,402,1,386614
2d,Jd,9d,Qh,8h,Ah,9c,5,4,1,3,388839
3h,9h,9d,Qh,8h,Ah,9c,5,5,26,2,2222429
2d,Jc,Qh,2s,2c,7c,Tc,5,4,9,1,1114018
Ad,Ac,Qh,2s,2c,7c,Tc,5,5,1,1,744624
4h,As,5c,Qh,Qs,5h,Jd,4,3,225,1,744327
Js,6d,5c,Qh,Qs,5h,Jd,4,4,30,3,744397
4h,As,5c,Qh,Qs,5h,Jd,4,3,225,2,744327
Js,As,3h,Qh,9d,7c,4s,4,2,4,1,366319
6d,Kd,3h,Qh,9d,7c,4s,4,3,150,1,337393
Jd,Ts,3h,Qh,9d,7c,4s,4,4,170,1,306831
6d,4d,4s,Jd,5d,8c,6s,4,2,22,1,743297
Ad,Kc,4s,Jd,5d,8c,6s,4,3,3,3,368502
6d,4d,4s,Jd,5d,8c,6s,4,2,22,2,743297
Kd,Ah,Jh,Ts,Jc,Kc,Qc,5,1,27,1,1485184
9d,7s,Jh,Ts,Jc,Kc,Qc,5,5,23,3,1485183
Kd,Ah,Jh,Ts,Jc,Kc,Qc,5,1,27,4,1485184
9d,7s,Jh,Ts,Jc,Kc,Qc,5,5,23,2,1485183
9d,7s,Ah,Js,6s,Qh,8d,5,2,67,1,366320
9c,3c,Ah,Js,6s,Qh,8d,5,3,29,1,366320
8h,7d,Ah,Js,6s,Qh,8d,5,4,440,1,386642
8c,5d,Ah,Js,6s,Qh,8d,5,5,548,1,386642
As,9c,Jc,5c,Tc,8c,6c,5,1,5,3,2132355
5h,Ac,Jc,5c,Tc,8c,6c,5,4,41,4,2220404
As,9c,Jc,5c,Tc,8c,6c,5,1,5,2,2132355
6h,5h,7s,9h,3d,5c,7h,5,1,65,1,743477
9d,Ts,7s,9h,3d,5c,7h,5,5,4,1,743842
8h,5h,7s,5s,8d,Ks,3d,5,4,2,3,743650
9d,6d,7s,5s,8d,Ks,3d,5,5,26,2,1485179
7c,Jh,7h,4h,5h,2s,3c,5,1,5,1,383840
Qh,4s,7h,4h,5h,2s,3c,5,5,12,1,377445
9h,Qc,9s,Jh,9d,2h,7c,5,3,0,3,1115201
8h,Ts,9s,Jh,9d,2h,7c,5,5,21,4,1485181
9h,Qc,9s,Jh,9d,2h,7c,5,3,0,2,1115201
5h,5s,2c,Js,4d,As,7h,5,1,144,1,380034
Qd,Th,2c,Js,4d,As,7h,5,2,185,1,366332
Ac,Td,2c,Js,4d,As,7h,5,4,28,1,399287
Ts,6s,Th,Jc,3c,Tc,Qh,6,5,10,3,1115370
Td,3s,Th,Jc,3c,Tc,Qh,6,6,12,4,2227863
Ts,6s,Th,Jc,3c,Tc,Qh,6,5,10,2,1115370
Jh,7d,Jc,6d,Qs,6c,As,6,2,2,1,744171
Ts,Qc,Jc,6d,Qs,6c,As,6,4,116,1,744340
Ah,9d,Td,Jh,9h,4h,4c,6,1,179,1,743807
3d,8c,Td,Jh,9h,4h,4c,6,2,251,1,377319
Kh,4d,4c,Kd,6h,5d,9c,6,1,59,3,744478
7c,3c,4c,Kd,6h,5d,9c,6,2,17,4,1485177
Kh,4d,4c,Kd,6h,5d,9c,6,1,59,2,744478
Kd,Ks,5h,5c,5d,4s,4d,5,1,0,3,2227808
9s,3s,5h,5c,5d,4s,4d,5,5,15,2,2227799
Kd,Ks,5h,5c,5d,4s,4d,5,1,0,5,2227808
Ac,Kh,Ah,7d,Th,Qh,Ks,5,1,66,1,744767
Jd,Ts,Ah,7d,Th,Qh,Ks,5,5,2,3,1485184
Ac,Kh,Ah,7d,Th,Qh,Ks,5,1,66,2,744767
4s,2s,Td,Js,8s,4h,8c,5,1,41,1,743635
Qs,Ks,Td,Js,8s,4h,8c,5,5,136,1,386473
Ks,Kd,9s,Qs,As,7d,Ah,6,1,23,1,744767
9d,Ac,9s,Qs,As,7d,Ah,6,4,192,1,2227921
Qh,6c,9s,Qs,As,7d,Ah,6,5,151,1,744751
Jc,6c,6h,5h,7c,Kd,9s,7,1,13,1,382064
Kc,5d,6h,5h,7c,Kd,9s,7,3,266,1,744491
9h,Ac,Kc,Qc,Th,7d,7h,7,1,243,1,384459
4c,3c,Kc,Qc,Th,7d,7h,7,2,169,1,384275
8h,6d,3h,7d,Kh,Th,Tc,7,5,20,1,390811
8d,Kc,3h,7d,Kh,Th,Tc,7,7,198,1,744555
Kd,As,Ks,Js,6c,Qh,6s,8,2,23,1,744509
Tc,Td,Ks,Js,6c,Qh,6s,8,4,9,1,744001
9s,Kc,Ks,Js,6c,Qh,6s,8,6,84,1,744507
8d,8h,Ks,Js,6c,Qh,6s,8,7,22,1,743663
8h,Tc,5d,7c,9c,9s,6h,7,1,13,1,1485180
Th,9d,5d,7c,9c,9s,6h,7,6,112,1,1115171
Jc,Ks,Kd,Qd,7d,Kc,Ad,7,1,88,1,1115904
5d,Jd,Kd,Qd,7d,Kc,Ad,7,2,19,1,2225176
7h,7s,Ad,Ah,8s,3d,Tc,7,2,138,1,744687
